{
"type": "FeatureCollection",
"name": "TARIJA",
"crs": { "type": "name", "properties": { "name": "urn:ogc:def:crs:OGC:1.3:CRS84" } },
"features": [
{ "type": "Feature", "properties": { "id": 42, "nome": "Tarija", "UF": "TJ" }, "geometry": { "type": "MultiPolygon", "coordinates": [ [ [ [ -65.052511111159802, -22.083347222510401 ], [ -65.139663888408592, -22.084644444644322 ], [ -65.186641667097788, -22.08535000015199 ], [ -65.186901656089219, -22.084907806645116 ], [ -65.191559079558218, -22.076985916204155 ], [ -65.187901083331639, -22.054171012049142 ], [ -65.180867018446094, -22.024201017253898 ], [ -65.180679280553491, -22.019419460606311 ], [ -65.181553030350656, -22.017914613380874 ], [ -65.182611570548517, -22.015929473257593 ], [ -65.183680153568602, -22.014601206991827 ], [ -65.185002133140799, -22.013090370643976 ], [ -65.187362480885184, -22.012461594241813 ], [ -65.189795106105592, -22.012369374221247 ], [ -65.191520819840136, -22.012226953117231 ], [ -65.191522361560075, -22.012226825502857 ], [ -65.193000309970216, -22.012565302276297 ], [ -65.193000804219295, -22.01256541504981 ], [ -65.194792095666799, -22.012421974103965 ], [ -65.196066883235233, -22.012046663153352 ], [ -65.196067378744701, -22.01204651783662 ], [ -65.197863101960635, -22.012201610266938 ], [ -65.197863263654511, -22.012201623808327 ], [ -65.198951945566392, -22.012187017300665 ], [ -65.200738607926681, -22.011744934651709 ], [ -65.202133637562511, -22.010830272964213 ], [ -65.202827915335945, -22.010163932990817 ], [ -65.20287902805002, -22.009327054117485 ], [ -65.203178909979172, -22.008009006915412 ], [ -65.203673669118359, -22.006867524431936 ], [ -65.204237814819692, -22.006071528486199 ], [ -65.205447125310883, -22.005577435959452 ], [ -65.206336245291709, -22.005087646396294 ], [ -65.206961814830038, -22.004123577201643 ], [ -65.208424465995762, -22.003446870099058 ], [ -65.208802202969125, -22.00302368492278 ], [ -65.209631887138741, -22.002833319548866 ], [ -65.210264832164185, -22.00234696314816 ], [ -65.21082910916823, -22.001562891853396 ], [ -65.211269015951061, -22.001019407637397 ], [ -65.212027236322797, -22.000352171947821 ], [ -65.21253394897569, -21.999986967867205 ], [ -65.213485186556554, -21.999376848972236 ], [ -65.213669870683063, -21.998896533294548 ], [ -65.214233186640911, -21.998052737929168 ], [ -65.214738029990428, -21.997568096494689 ], [ -65.214988595594889, -21.997206345320265 ], [ -65.215876698587891, -21.996656794219046 ], [ -65.216826043508377, -21.995927228666648 ], [ -65.217972116044777, -21.995493635564475 ], [ -65.218928874328995, -21.995241778722864 ], [ -65.219947800502339, -21.99486962030673 ], [ -65.221159745862749, -21.994554569347375 ], [ -65.222556272152204, -21.993759220170702 ], [ -65.222556330957318, -21.993759186449253 ], [ -65.224988586340714, -21.993785880624028 ], [ -65.224990427845327, -21.993785900863347 ], [ -65.226268244185903, -21.993589373782068 ], [ -65.227477877065951, -21.99315499742875 ], [ -65.227478293130645, -21.993154847974015 ], [ -65.228695332607202, -21.993257627378732 ], [ -65.22869673351741, -21.993257745746423 ], [ -65.229973603776259, -21.993001475856019 ], [ -65.231113999272125, -21.992209508663489 ], [ -65.232388048827261, -21.991774076852391 ], [ -65.233917271773663, -21.99127543307473 ], [ -65.235124466519125, -21.990661711573196 ], [ -65.235754458205463, -21.989996124995368 ], [ -65.237079387698316, -21.988723786798818 ], [ -65.238154742537873, -21.987872934406191 ], [ -65.239479632122425, -21.986600580267275 ], [ -65.240941928973953, -21.985923608688719 ], [ -65.242398578820854, -21.984888340566872 ], [ -65.242960730909019, -21.983984750166119 ], [ -65.243266774762645, -21.983084660505614 ], [ -65.244018170628223, -21.981999298026203 ], [ -65.24451627765491, -21.981096578368007 ], [ -65.245021894205905, -21.980671569949699 ], [ -65.245712060089957, -21.97976622038988 ], [ -65.246788236542827, -21.97897503449763 ], [ -65.248045545033506, -21.978300815180507 ], [ -65.249945513528033, -21.976960779090948 ], [ -65.25159689612849, -21.976101948778847 ], [ -65.253058080223454, -21.975365169117509 ], [ -65.254583267642346, -21.974627497821128 ], [ -65.256301444132134, -21.973946886348759 ], [ -65.258398054548351, -21.972902690355877 ], [ -65.259285826653453, -21.972352929993992 ], [ -65.260045552419882, -21.971804928560921 ], [ -65.261764610544347, -21.971183978782172 ], [ -65.264122889917545, -21.970494466088368 ], [ -65.26539852114152, -21.970178228511976 ], [ -65.267253071900029, -21.970152615312777 ], [ -65.267255050246135, -21.970152588364268 ], [ -65.268797179803997, -21.970489633316408 ], [ -65.270785543640827, -21.970701034958971 ], [ -65.272453704380453, -21.970916830748877 ], [ -65.272453818644692, -21.970916845417111 ], [ -65.274372436416058, -21.970890264899918 ], [ -65.274374366395833, -21.970890238171656 ], [ -65.276106664483649, -21.971105123731974 ], [ -65.27739655308288, -21.971684486149069 ], [ -65.278937760186651, -21.971961718763669 ], [ -65.28034807304644, -21.972061577860796 ], [ -65.281504222444013, -21.972284410435332 ], [ -65.282217971603032, -21.972871742954379 ], [ -65.283449610465624, -21.973810220419075 ], [ -65.28448155978981, -21.97427366263209 ], [ -65.28598324641338, -21.974639769557371 ], [ -65.287952675857511, -21.974784327856913 ], [ -65.289982645272104, -21.974870680847118 ], [ -65.291894301124458, -21.975245344229801 ], [ -65.292823546603231, -21.975691052266288 ], [ -65.293755674953147, -21.976889442900237 ], [ -65.295685682768308, -21.977829813049301 ], [ -65.296869988590615, -21.977888489848169 ], [ -65.297959776306641, -21.977962816642808 ], [ -65.298762173333373, -21.978160296161391 ], [ -65.298763395474253, -21.978160596539386 ], [ -65.299336212212779, -21.977943530911919 ], [ -65.300035142191945, -21.977605243731887 ], [ -65.301085695314583, -21.977232159588443 ], [ -65.302140167735772, -21.977217366017616 ], [ -65.30214202231852, -21.977217340398834 ], [ -65.303552384632269, -21.977316992913096 ], [ -65.30426040939696, -21.977545934298963 ], [ -65.304260457884425, -21.977545950249812 ], [ -65.304964675923955, -21.977536057716595 ], [ -65.305407027258767, -21.977171490938403 ], [ -65.305915807327366, -21.976955302468308 ], [ -65.306554065138499, -21.976946329614208 ], [ -65.306556001948408, -21.976946302557725 ], [ -65.307164887661727, -21.977027219264954 ], [ -65.307165635286808, -21.977027318519518 ], [ -65.307996921482456, -21.976955900322594 ], [ -65.308694374370319, -21.97652801223153 ], [ -65.309426730433415, -21.976278805202668 ], [ -65.310189158330147, -21.975909720663733 ], [ -65.310889498697719, -21.975660957048415 ], [ -65.31178334167646, -21.975499052332957 ], [ -65.312135444231117, -21.975494090928574 ], [ -65.312393084485649, -21.975191834862983 ], [ -65.3127102723071, -21.975008189031612 ], [ -65.313124625869904, -21.97500234863298 ], [ -65.313126392388511, -21.975002323455048 ], [ -65.313637139272345, -21.975024873938644 ], [ -65.313639022652083, -21.975024957239647 ], [ -65.313956209948032, -21.97484131041999 ], [ -65.314207442033393, -21.974539142231457 ], [ -65.314426663244603, -21.974237425572078 ], [ -65.31458283582036, -21.973996323158318 ], [ -65.314870915420002, -21.973992258578541 ], [ -65.31519100406797, -21.9739877424282 ], [ -65.31550867187012, -21.973833947860165 ], [ -65.31569346021621, -21.973383402700691 ], [ -65.315913161548195, -21.973111541523803 ], [ -65.316424330374858, -21.97304460045839 ], [ -65.31673942000215, -21.972741671821016 ], [ -65.316739571844195, -21.972741525603766 ], [ -65.317092150208552, -21.97276640923635 ], [ -65.317543627764124, -21.972969053878156 ], [ -65.317543663674414, -21.972969069902895 ], [ -65.31802379197913, -21.972962287301808 ], [ -65.318848739696918, -21.972502694822541 ], [ -65.319515581314633, -21.972164783245052 ], [ -65.319957875322487, -21.971800182338349 ], [ -65.320404050773348, -21.971674423732562 ], [ -65.320786208376092, -21.971549570030625 ], [ -65.321388052716514, -21.971152847041004 ], [ -65.321586689704446, -21.970767797973473 ], [ -65.321866022697137, -21.970226324408038 ], [ -65.322147294324495, -21.969804271162573 ], [ -65.322526530907581, -21.969500280776394 ], [ -65.323224384789384, -21.969102192570176 ], [ -65.323767056424828, -21.969004921673896 ], [ -65.324182668009186, -21.96896917336149 ], [ -65.324946959904835, -21.96871944980531 ], [ -65.325485738048812, -21.968383329858749 ], [ -65.326151569632572, -21.967985684135218 ], [ -65.326660280597295, -21.967769436132038 ], [ -65.327392066863766, -21.96749029930632 ], [ -65.328091355390541, -21.967181757779588 ], [ -65.329174725652919, -21.966867764188525 ], [ -65.329908935847996, -21.96673789361412 ], [ -65.330672717124386, -21.966458289093652 ], [ -65.331310903480357, -21.966329775896998 ], [ -65.331915619285425, -21.966112148731987 ], [ -65.332616841127773, -21.965923011042829 ], [ -65.333288492638843, -21.9658836011793 ], [ -65.333861684761999, -21.965696278434063 ], [ -65.334403844582425, -21.965569118684822 ], [ -65.334881502710758, -21.965413013202163 ], [ -65.335420241023442, -21.965076865650172 ], [ -65.336183511575271, -21.964767381033734 ], [ -65.337102410601545, -21.964186918982417 ], [ -65.337896211419277, -21.963787405534344 ], [ -65.33900419909989, -21.963025068322114 ], [ -65.339894005367213, -21.962624178927207 ], [ -65.340716857709069, -21.962045066548363 ], [ -65.341316155491839, -21.961499003184301 ], [ -65.342015380437914, -21.961190407049607 ], [ -65.342295596061035, -21.960708616121007 ], [ -65.342445830661902, -21.960109231346582 ], [ -65.342760984294614, -21.95980611341637 ], [ -65.343397327354126, -21.959618089853571 ], [ -65.343398146980533, -21.959617847409913 ], [ -65.343872002935669, -21.959706361422768 ], [ -65.343873388228928, -21.959706619929563 ], [ -65.344477564331712, -21.959459095907853 ], [ -65.344917302201395, -21.958945161371417 ], [ -65.345616014515272, -21.958606697495568 ], [ -65.346408287429909, -21.958117582842338 ], [ -65.34684752334023, -21.957573788393226 ], [ -65.34770673683164, -21.957262884121732 ], [ -65.348209483358161, -21.956688316532151 ], [ -65.348968257747487, -21.956110084227038 ], [ -65.349569462401504, -21.955683414381213 ], [ -65.349977165962983, -21.955169925998586 ], [ -65.35073739866651, -21.954681251563702 ], [ -65.351656171510086, -21.954100718173738 ], [ -65.352284938945715, -21.953404887957213 ], [ -65.352789618743003, -21.952949727585892 ], [ -65.353197795353907, -21.952466087454734 ], [ -65.353797495846109, -21.951949840664245 ], [ -65.354262785007919, -21.951047312653323 ], [ -65.354511921274408, -21.950625674330453 ], [ -65.354885623094646, -21.94999321571207 ], [ -65.355135248507239, -21.949601431946498 ], [ -65.355892973433825, -21.948963463062341 ], [ -65.356400087437564, -21.948657568581975 ], [ -65.357165680267457, -21.948497272564499 ], [ -65.358439855224276, -21.948120636318084 ], [ -65.359202484809018, -21.947781202320616 ], [ -65.360087202259479, -21.947081668879218 ], [ -65.360665888028862, -21.946846402332604 ], [ -65.361300497203388, -21.946508799096367 ], [ -65.361708133388689, -21.945995287431231 ], [ -65.362310241618999, -21.945628286149528 ], [ -65.362917281943268, -21.945559830380404 ], [ -65.363621312835306, -21.945549699514597 ], [ -65.364260846960107, -21.945510633346959 ], [ -65.364827486574058, -21.944935102698032 ], [ -65.365201127898047, -21.944302625281576 ], [ -65.365733289254237, -21.943578280425051 ], [ -65.366308317964439, -21.943510273573715 ], [ -65.367042345381392, -21.943499697109004 ], [ -65.367044336968277, -21.943499668256969 ], [ -65.367655319868348, -21.94367003181452 ], [ -65.367979284829232, -21.94390425478252 ], [ -65.368557154107918, -21.944074747824445 ], [ -65.368558268969849, -21.944075076482012 ], [ -65.369321838621929, -21.943795308960485 ], [ -65.369890924971884, -21.943369036145743 ], [ -65.370330519980456, -21.942855044279799 ], [ -65.370899600222089, -21.942428767192375 ], [ -65.371756185446003, -21.941968475982392 ], [ -65.372585222939023, -21.94177733435809 ], [ -65.373474293410638, -21.941346427170249 ], [ -65.373817373136248, -21.940803960185047 ], [ -65.374410005827329, -21.939869685676928 ], [ -65.37484709548913, -21.9392064111859 ], [ -65.375252677209559, -21.938573453546997 ], [ -65.375853228379071, -21.938116846162188 ], [ -65.37664825296612, -21.937806730287388 ], [ -65.377318254133485, -21.93767759022138 ], [ -65.377857773872435, -21.937401028369351 ], [ -65.378234317210101, -21.936947653845795 ], [ -65.378542887909958, -21.936256370984747 ], [ -65.379172933997253, -21.935650017166697 ], [ -65.379455458436141, -21.935317449147263 ], [ -65.380182982931231, -21.934799264261848 ], [ -65.380815003668545, -21.934312323288918 ], [ -65.381378412865601, -21.933933875856887 ], [ -65.381978426582123, -21.933447393551646 ], [ -65.382547929813043, -21.93305093740792 ], [ -65.383184411338007, -21.932832676702052 ], [ -65.383917316785841, -21.932702771682887 ], [ -65.383918376535121, -21.932702583488666 ], [ -65.385009711219666, -21.932895759864049 ], [ -65.385009795491086, -21.932895775568483 ], [ -65.385871739398908, -21.932883261823221 ], [ -65.3858737424776, -21.932883232722531 ], [ -65.386517050755586, -21.933112546106074 ], [ -65.386517687951169, -21.933112773054386 ], [ -65.387092158803696, -21.933014843811264 ], [ -65.387692645068782, -21.932558198174316 ], [ -65.388100643181147, -21.932074486426785 ], [ -65.388475146043604, -21.931501675520011 ], [ -65.389330605115617, -21.930981594572025 ], [ -65.389933570312792, -21.930674213435847 ], [ -65.390982500353616, -21.930240894540002 ], [ -65.391774446642287, -21.929751587371243 ], [ -65.392692878967964, -21.929170851361704 ], [ -65.393256339687184, -21.928416113127145 ], [ -65.393824790453166, -21.927959914019045 ], [ -65.394489227702138, -21.927502314289072 ], [ -65.394930683087978, -21.927107684882767 ], [ -65.395622610511481, -21.926380928382191 ], [ -65.396030564198227, -21.925897199988515 ], [ -65.396565499916363, -21.925351897470435 ], [ -65.396931949118041, -21.924301407752473 ], [ -65.397334391541932, -21.92348928393271 ], [ -65.398251759394157, -21.922848813927885 ], [ -65.398826870831201, -21.92241041910539 ], [ -65.39971423085953, -21.92188982513181 ], [ -65.400697070058669, -21.9213379716502 ], [ -65.40110298967933, -21.920734818327038 ], [ -65.401800865649562, -21.920366288091405 ], [ -65.402439259878832, -21.920267375196993 ], [ -65.403073141940084, -21.91989977511253 ], [ -65.403637013476811, -21.919174863129388 ], [ -65.404200881632065, -21.918449948729574 ], [ -65.404831741281328, -21.9179032199579 ], [ -65.405561085258881, -21.917504354503201 ], [ -65.406290427101993, -21.917105485392263 ], [ -65.406730814913061, -21.916651120960577 ], [ -65.40758711852672, -21.916190666911156 ], [ -65.408191484927556, -21.915972787435074 ], [ -65.408633872578179, -21.915637834797678 ], [ -65.408976759602893, -21.915095309884386 ], [ -65.409186144528917, -21.914226269870412 ], [ -65.409333551593676, -21.913477581065479 ], [ -65.409417172139825, -21.912741771528175 ], [ -65.409312652504951, -21.912235663648605 ], [ -65.409399589337255, -21.911696888333616 ], [ -65.409772448661599, -21.911034480173381 ], [ -65.409824375924941, -21.910317052183316 ], [ -65.410197733504177, -21.909684496115904 ], [ -65.41050961445228, -21.909202147208561 ], [ -65.410628537387211, -21.90866290316022 ], [ -65.410777441146124, -21.908003775003422 ], [ -65.410926847439285, -21.907374502345125 ], [ -65.41113772173334, -21.906595020468799 ], [ -65.411447584483682, -21.905993255289214 ], [ -65.4116954734492, -21.905511842359864 ], [ -65.412008348205958, -21.90508919890808 ], [ -65.412257741968205, -21.904697346912407 ], [ -65.41276054742363, -21.904152472019714 ], [ -65.413171401397236, -21.903847833447035 ], [ -65.413739188930791, -21.903361724534562 ], [ -65.413854575735982, -21.902613504742895 ], [ -65.414034948209306, -21.901924051984182 ], [ -65.41440424133107, -21.901052659920683 ], [ -65.414841035193859, -21.900389304984049 ], [ -65.415312833965373, -21.899904600415447 ], [ -65.415816216382183, -21.899395543032803 ], [ -65.416063576324206, -21.898884271680679 ], [ -65.416435872811164, -21.898191999974824 ], [ -65.416747208507815, -21.897679787989428 ], [ -65.417151992550103, -21.897016897906049 ], [ -65.417498334798466, -21.896683338319889 ], [ -65.418101090829964, -21.896375870009276 ], [ -65.41892116360107, -21.896030509982683 ], [ -65.419276624770362, -21.895880811532948 ], [ -65.419692480900537, -21.89587469613997 ], [ -65.419912370003956, -21.895632574245145 ], [ -65.419842343091162, -21.895275271625 ], [ -65.419386435405244, -21.89480420039348 ], [ -65.418773105762924, -21.894484745923489 ], [ -65.418127790741892, -21.894165758698069 ], [ -65.417573912510122, -21.893576676261183 ], [ -65.417118016546496, -21.893105596999821 ], [ -65.416884532455995, -21.892541666608139 ], [ -65.416880001033903, -21.892272982842389 ], [ -65.416578013643473, -21.891441307785733 ], [ -65.416150593509471, -21.890760778481486 ], [ -65.415626209599154, -21.890021949276488 ], [ -65.415358737097463, -21.889339069874975 ], [ -65.415248689842244, -21.888504573207566 ], [ -65.415332580458809, -21.887786675257264 ], [ -65.415528528282664, -21.887014342951922 ], [ -65.41566260863685, -21.886485858523301 ], [ -65.415969900551062, -21.885734821142925 ], [ -65.416213217239132, -21.884984721022803 ], [ -65.416586490692637, -21.884352157092934 ], [ -65.416784482745754, -21.883612662965565 ], [ -65.416947684057831, -21.883003104068735 ], [ -65.416648738651105, -21.882350549845725 ], [ -65.416193891525566, -21.881939170991387 ], [ -65.415839028666142, -21.881765211963582 ], [ -65.414970380865796, -21.881479345702104 ], [ -65.414234202149899, -21.881460283337688 ], [ -65.414234124305139, -21.881460347931064 ], [ -65.413540059692963, -21.882037824378543 ], [ -65.412591025759625, -21.882678820509309 ], [ -65.411542007539239, -21.883082387559593 ], [ -65.410552940325545, -21.883246180741569 ], [ -65.410552267585487, -21.883245966713332 ], [ -65.409298448044083, -21.882846489775634 ], [ -65.408458780795556, -21.882380998178789 ], [ -65.407652107081631, -21.881974740856354 ], [ -65.406595059649106, -21.88190061394717 ], [ -65.406593791392666, -21.8819006817819 ], [ -65.40582789323382, -21.881941688758864 ], [ -65.404646405057861, -21.882078397048485 ], [ -65.40387973597521, -21.882149317261231 ], [ -65.403049591802272, -21.882251021886002 ], [ -65.403048056728124, -21.88225097229342 ], [ -65.401769138688636, -21.882209986818875 ], [ -65.40067660436803, -21.881927309705571 ], [ -65.399916730353667, -21.881639775566317 ], [ -65.399115878159932, -21.881197556098815 ], [ -65.398157903682232, -21.880542618462897 ], [ -65.397121651196258, -21.879655438404615 ], [ -65.396703772738036, -21.87929766913286 ], [ -65.396306774217877, -21.878515106782867 ], [ -65.39598814160118, -21.877826958298929 ], [ -65.395953775751309, -21.877301896739329 ], [ -65.396251658880459, -21.876748109905062 ], [ -65.396781428818755, -21.876286505138211 ], [ -65.397365565087142, -21.876015220869455 ], [ -65.39802246960727, -21.875503981700636 ], [ -65.398348325295927, -21.875093121320297 ], [ -65.398385305514878, -21.874776971641879 ], [ -65.398415504846795, -21.874518803173036 ], [ -65.398023703113168, -21.874046726805148 ], [ -65.397585120591145, -21.873838109995031 ], [ -65.397072169315223, -21.873773911237219 ], [ -65.396923112992468, -21.873749765785018 ], [ -65.396922588872044, -21.873750025513871 ], [ -65.396526209426412, -21.873946655443497 ], [ -65.395727091955678, -21.873988144650298 ], [ -65.395726238696696, -21.873988096012074 ], [ -65.395310792955982, -21.873964339618801 ], [ -65.394892002064338, -21.873791262619701 ], [ -65.39491601206359, -21.873313129427949 ], [ -65.395069455504284, -21.872922697621277 ], [ -65.395346849049119, -21.872291572081295 ], [ -65.394984057179514, -21.871639896068057 ], [ -65.394751696899448, -21.871135629539818 ], [ -65.39459920925907, -21.870832060882009 ], [ -65.393986448545988, -21.870557129589898 ], [ -65.393179984687933, -21.870010655809359 ], [ -65.393099081045989, -21.869143528469628 ], [ -65.392852310273369, -21.868505562470325 ], [ -65.392649955984055, -21.867881410271345 ], [ -65.392583706105782, -21.867054610815341 ], [ -65.392633645670855, -21.866365875885819 ], [ -65.392911611976785, -21.865845829903389 ], [ -65.393123709921383, -21.865059180706897 ], [ -65.393104359106061, -21.864805417221035 ], [ -65.3930713029267, -21.864371933319745 ], [ -65.392798201067222, -21.863955449155597 ], [ -65.392222526150903, -21.863810920471586 ], [ -65.392220769837323, -21.863811006717427 ], [ -65.391841815959609, -21.863829621098681 ], [ -65.391670187280099, -21.863838051603327 ], [ -65.391669990417071, -21.863837974345646 ], [ -65.390947822114285, -21.863552310487187 ], [ -65.390634823490501, -21.86319851555313 ], [ -65.390240893828022, -21.862595055337067 ], [ -65.389499174166374, -21.86185330349803 ], [ -65.389640163833917, -21.861098744854715 ], [ -65.389935262177104, -21.860377786329849 ], [ -65.390498407174249, -21.859617104029162 ], [ -65.390942216644333, -21.857875535374546 ], [ -65.390954123666106, -21.857016114531962 ], [ -65.390553054342405, -21.855982750160187 ], [ -65.390118982135021, -21.85527236866702 ], [ -65.389797062773781, -21.854381188650947 ], [ -65.389966288549317, -21.853017044846862 ], [ -65.390215245342773, -21.851830913258311 ], [ -65.390652498729992, -21.850427046941398 ], [ -65.391128716324104, -21.849058448203071 ], [ -65.391134265993387, -21.847753809332797 ], [ -65.391005185841593, -21.84752212418724 ], [ -65.390850770051983, -21.847273287788479 ], [ -65.390703826734182, -21.846739665263172 ], [ -65.390700416896522, -21.846727282293056 ], [ -65.390697562259177, -21.846720813434935 ], [ -65.39060892687678, -21.846251073376148 ], [ -65.390115810927085, -21.846294897076227 ], [ -65.389983496775514, -21.845698691041484 ], [ -65.389925100357758, -21.84471988906677 ], [ -65.389968495717795, -21.843668782561462 ], [ -65.389927965950392, -21.842452851203468 ], [ -65.38951740372859, -21.841474497202913 ], [ -65.389126743540061, -21.84120312070139 ], [ -65.388643637679763, -21.840930822734656 ], [ -65.388183379963962, -21.840957667123082 ], [ -65.387698247577802, -21.841080200247887 ], [ -65.387367473190579, -21.841321151851865 ], [ -65.386883923158649, -21.841658616221039 ], [ -65.38637373677949, -21.841852954658727 ], [ -65.385862844549621, -21.841951766759312 ], [ -65.385428339266738, -21.842002321088973 ], [ -65.384838772703944, -21.84183892830476 ], [ -65.384144603998777, -21.841365730929816 ], [ -65.383387186939714, -21.840579057322973 ], [ -65.382838647207933, -21.840032950319092 ], [ -65.38251781017108, -21.839298373770021 ], [ -65.382334717084703, -21.838750245823121 ], [ -65.382328749863262, -21.837938273341084 ], [ -65.38216913261553, -21.837103401534492 ], [ -65.382012525186994, -21.836704042935487 ], [ -65.381525093109559, -21.836486574665571 ], [ -65.381116705007187, -21.836608602657645 ], [ -65.380810632239275, -21.836729975166953 ], [ -65.380298874759276, -21.836709365948405 ], [ -65.379887331871373, -21.836401522339401 ], [ -65.379142562792197, -21.836000277187505 ], [ -65.378474533568166, -21.835598538090338 ], [ -65.377835409442625, -21.835650385711734 ], [ -65.377144778096664, -21.835654794392212 ], [ -65.376175048865449, -21.835971457001168 ], [ -65.375461456191161, -21.83633424826958 ], [ -65.374595084566778, -21.836793540635689 ], [ -65.373704176375455, -21.837396282184521 ], [ -65.372992839687655, -21.838069523896998 ], [ -65.372665014514169, -21.838716441843459 ], [ -65.372516417871978, -21.839386100934043 ], [ -65.372393050861476, -21.84000783328424 ], [ -65.371858841422736, -21.840417233475254 ], [ -65.371116335697266, -21.840326422668472 ], [ -65.370653866830466, -21.840049934478994 ], [ -65.369910842304776, -21.839887474229585 ], [ -65.369092992765943, -21.839988194464095 ], [ -65.368249041039533, -21.840017430360184 ], [ -65.367330433761111, -21.840333726410265 ], [ -65.36651258090032, -21.8404344367862 ], [ -65.365668453373843, -21.840439780541701 ], [ -65.365130588255511, -21.84034765398507 ], [ -65.364539485267002, -21.839969271401305 ], [ -65.364126575469385, -21.839470347500491 ], [ -65.363789540195143, -21.838851529653802 ], [ -65.36329972389909, -21.838329206038416 ], [ -65.362708630936552, -21.8379508170961 ], [ -65.362196180325284, -21.837834639153531 ], [ -65.361684767652434, -21.837861749205892 ], [ -65.361098172464409, -21.838104276762135 ], [ -65.360563080140778, -21.838394243402966 ], [ -65.359774091288315, -21.838948517331712 ], [ -65.358907841851888, -21.839431625774903 ], [ -65.358294969223252, -21.839578780561666 ], [ -65.357168954038144, -21.839514217577715 ], [ -65.356476929251997, -21.839327507090058 ], [ -65.355910738285161, -21.83885341370776 ], [ -65.355200280472559, -21.838092039170505 ], [ -65.354818427485014, -21.837762879979582 ], [ -65.354637584159363, -21.837606990219939 ], [ -65.354439621779733, -21.836768897097009 ], [ -65.354345240397961, -21.836005771364629 ], [ -65.354315038228037, -21.83546703427908 ], [ -65.354147976360807, -21.835032201745829 ], [ -65.354109482759085, -21.83382546717019 ], [ -65.353924759801544, -21.833038492746436 ], [ -65.353305889545538, -21.832349770543662 ], [ -65.352510379481942, -21.831996515335142 ], [ -65.351224079101698, -21.830977607448538 ], [ -65.350426864255198, -21.830385523669065 ], [ -65.349885436377505, -21.829791837241331 ], [ -65.349522723180016, -21.829133118091587 ], [ -65.349310724458888, -21.82812361912924 ], [ -65.349101305116761, -21.82745620196901 ], [ -65.348739962003521, -21.827004681209818 ], [ -65.348069975914413, -21.826316257343468 ], [ -65.347859536278506, -21.825505544485875 ], [ -65.347854916105902, -21.824860727445216 ], [ -65.348132331993881, -21.824309680144118 ], [ -65.348751150979012, -21.823249995765593 ], [ -65.349038904642114, -21.822321702188876 ], [ -65.349056774402641, -21.821246839638214 ], [ -65.349223994990254, -21.819597840277027 ], [ -65.349088917647819, -21.818595579234241 ], [ -65.348776346851722, -21.817809378954291 ], [ -65.348490040459524, -21.817118545754134 ], [ -65.34825232172858, -21.816069154898873 ], [ -65.348346410242883, -21.814922154524261 ], [ -65.348260952776926, -21.813704622080689 ], [ -65.347840957405438, -21.812202572964225 ], [ -65.347452188699037, -21.811488488338345 ], [ -65.34678328838605, -21.81094333782621 ], [ -65.345963672797339, -21.81078126666511 ], [ -65.344555649508351, -21.810598975769878 ], [ -65.343760589010884, -21.810293439641057 ], [ -65.342426059043092, -21.809656883571314 ], [ -65.341013791729893, -21.808877498866469 ], [ -65.339581832212332, -21.808111217812783 ], [ -65.337780599679675, -21.807392885690167 ], [ -65.336777907507354, -21.806658698446714 ], [ -65.336054683659441, -21.805660051380354 ], [ -65.335580018927544, -21.804355507319464 ], [ -65.335251405914434, -21.803022309847506 ], [ -65.335644779589501, -21.801960556928197 ], [ -65.33601974663398, -21.80074014153077 ], [ -65.33578347367812, -21.799881772383142 ], [ -65.335319240781885, -21.799335309265683 ], [ -65.33434082164689, -21.798409876115109 ], [ -65.334054088792215, -21.797647350607175 ], [ -65.333843402988663, -21.796788816547355 ], [ -65.333760417830973, -21.795905607459986 ], [ -65.333547365486965, -21.794712703206798 ], [ -65.333709989792979, -21.793758360184885 ], [ -65.333970769213835, -21.793109824382327 ], [ -65.3341164183133, -21.792010234255219 ], [ -65.334109136588523, -21.79098324146252 ], [ -65.334077128260191, -21.790075823985472 ], [ -65.333879693594852, -21.789204983734955 ], [ -65.333607170075013, -21.788717303149578 ], [ -65.33332265506894, -21.788265251682283 ], [ -65.332834070108831, -21.787886115462321 ], [ -65.332142429417999, -21.787723194304764 ], [ -65.331169830123372, -21.787609775478863 ], [ -65.330453294348544, -21.787542541000818 ], [ -65.329813138687328, -21.787427064473466 ], [ -65.329069007664927, -21.787073379774117 ], [ -65.328452066737924, -21.78662336858541 ], [ -65.327808544682455, -21.786030211235364 ], [ -65.327503418622413, -21.785220842793951 ], [ -65.32743806528083, -21.784265012009392 ], [ -65.3276110032606, -21.783404090998893 ], [ -65.327989861274446, -21.782732980478453 ], [ -65.328600043896401, -21.782227638924361 ], [ -65.32903037689573, -21.78160397831536 ], [ -65.329536410034194, -21.78083653968385 ], [ -65.330025408652816, -21.779876243875442 ], [ -65.330139490611259, -21.779328062880861 ], [ -65.330110036707865, -21.778778886943432 ], [ -65.329873818284355, -21.777920478462647 ], [ -65.329515878268097, -21.77684096539215 ], [ -65.329200722021525, -21.776285862710342 ], [ -65.32855063587445, -21.775229603462297 ], [ -65.327982178932444, -21.774397119674898 ], [ -65.327310602996562, -21.773445840162783 ], [ -65.326639033856637, -21.772494557889527 ], [ -65.326174221799732, -21.77185251024363 ], [ -65.325707730346139, -21.770971617658279 ], [ -65.325185272029231, -21.769954141029995 ], [ -65.324598238403524, -21.769008472441442 ], [ -65.323952825178495, -21.768689390358588 ], [ -65.323285992493879, -21.76840685579419 ], [ -65.322696206869651, -21.768171617874465 ], [ -65.321978070326935, -21.767865508436767 ], [ -65.32123503749618, -21.767655091682208 ], [ -65.320619687437144, -21.76742000440855 ], [ -65.319952361685594, -21.767065805349883 ], [ -65.319795592875209, -21.766589052320384 ], [ -65.319610074549885, -21.765658647732113 ], [ -65.319398149881707, -21.7646089744925 ], [ -65.319442423091033, -21.763629389949777 ], [ -65.319873582419262, -21.763125150293675 ], [ -65.320664214600228, -21.762833681808409 ], [ -65.321656712985956, -21.762158799892383 ], [ -65.322495455358236, -21.761437083579292 ], [ -65.323331839083352, -21.760380975729927 ], [ -65.323775772027844, -21.759198403666158 ], [ -65.323901840706256, -21.757812925525059 ], [ -65.323751424248783, -21.756172067074985 ], [ -65.323553428127255, -21.755530763032844 ], [ -65.322974713217548, -21.755255143822176 ], [ -65.321912035868422, -21.754824247025844 ], [ -65.321296223867279, -21.754517501330028 ], [ -65.320780338445672, -21.753875736225993 ], [ -65.320647471913162, -21.753159964774564 ], [ -65.320621806834666, -21.752477409278388 ], [ -65.320612853422375, -21.751870322751543 ], [ -65.320403285574756, -21.751155018352573 ], [ -65.320117687329798, -21.750535723839693 ], [ -65.319731998361974, -21.750227562715047 ], [ -65.319245548539456, -21.75013499343892 ], [ -65.318732006434885, -21.750246309910221 ], [ -65.318428395608976, -21.750283309051504 ], [ -65.318093844864009, -21.749974832241211 ], [ -65.317784194193749, -21.749570656921801 ], [ -65.317423576356134, -21.749190679132504 ], [ -65.316908555302376, -21.748668324689771 ], [ -65.316316667919139, -21.748122552628423 ], [ -65.315826717613561, -21.747528382585084 ], [ -65.315433627961085, -21.74656370258619 ], [ -65.315188728342463, -21.745324824407184 ], [ -65.315156633074452, -21.744599002066217 ], [ -65.315156947446695, -21.744146254146209 ], [ -65.315157480936804, -21.743375797433778 ], [ -65.31540757356521, -21.74243116986769 ], [ -65.315581194957005, -21.741665738950637 ], [ -65.315668341370909, -21.74096532792559 ], [ -65.315622894897757, -21.740315887419239 ], [ -65.315619155226685, -21.739780847776867 ], [ -65.315533470977627, -21.739227198809051 ], [ -65.315284834207091, -21.738770089831732 ], [ -65.314393820606625, -21.73806101349517 ], [ -65.314297768958113, -21.738011730639791 ], [ -65.313824824561308, -21.737651533719131 ], [ -65.313249486617721, -21.737272849434628 ], [ -65.312940700278432, -21.736988087463061 ], [ -65.312917715142078, -21.736625147828832 ], [ -65.313099121676686, -21.736241852779052 ], [ -65.313334136086411, -21.735746748288726 ], [ -65.313806819099597, -21.735071862113248 ], [ -65.314230446643677, -21.734228460794689 ], [ -65.314553144944696, -21.733576768475611 ], [ -65.314610631022362, -21.733022239489074 ], [ -65.314401840841739, -21.732412005397471 ], [ -65.314316554228824, -21.731748098264852 ], [ -65.314107909179725, -21.731324547019749 ], [ -65.313859818841294, -21.730943865744184 ], [ -65.313346256517193, -21.730622129962988 ], [ -65.3125069338234, -21.730512582628407 ], [ -65.311811573495476, -21.730516814104014 ], [ -65.311014487111009, -21.730598100717767 ], [ -65.31046428345735, -21.730888089759155 ], [ -65.310017003693943, -21.731273000660977 ], [ -65.309283660239473, -21.731697867319401 ], [ -65.308467443839547, -21.731970356728251 ], [ -65.307670481638752, -21.732070739867385 ], [ -65.307139129443144, -21.732131290314975 ], [ -65.306649078357367, -21.732248917927183 ], [ -65.305811873238454, -21.732445085573978 ], [ -65.304913707859384, -21.732698947511263 ], [ -65.303791229109606, -21.733049710363904 ], [ -65.3023205317525, -21.733326132027539 ], [ -65.301092745498593, -21.733237995483243 ], [ -65.299964977786459, -21.732824386875656 ], [ -65.298941585198591, -21.732715895855421 ], [ -65.297979944039838, -21.732664357859573 ], [ -65.297121485658522, -21.732745962142268 ], [ -65.296181877092991, -21.732923599186428 ], [ -65.294915690265711, -21.733198740918084 ], [ -65.293994821094529, -21.733127830490364 ], [ -65.293091385810712, -21.732617291222478 ], [ -65.292553990626004, -21.731798799364324 ], [ -65.292158189949816, -21.730750141149986 ], [ -65.292168935293503, -21.729335960539448 ], [ -65.292220058379669, -21.727845094429117 ], [ -65.292984483881867, -21.725986863191146 ], [ -65.293141398954077, -21.725011319859966 ], [ -65.293461922375315, -21.724034794266824 ], [ -65.293844976352261, -21.723229880187038 ], [ -65.294536893572513, -21.722728869622919 ], [ -65.295495984451762, -21.722417350596132 ], [ -65.296660632818046, -21.722257469998979 ], [ -65.29778464134148, -21.722136048092704 ], [ -65.299132553109231, -21.721860391397378 ], [ -65.300213147767778, -21.721376128418694 ], [ -65.300658312593228, -21.720685484456958 ], [ -65.301101757216259, -21.719746418088555 ], [ -65.301362463175792, -21.718999552785895 ], [ -65.301234344760331, -21.71821681338119 ], [ -65.300778492806316, -21.717359609770956 ], [ -65.30034428348209, -21.71667426517805 ], [ -65.300012196829186, -21.715969191871654 ], [ -65.300047902289307, -21.71537636562207 ], [ -65.300169067140942, -21.714993627508242 ], [ -65.300350346800542, -21.714591220138132 ], [ -65.300653796458732, -21.7141116352655 ], [ -65.300996164179324, -21.713345159975724 ], [ -65.301033366899134, -21.712809848407389 ], [ -65.301217811494837, -21.711774592281113 ], [ -65.301430078654718, -21.711030197433022 ], [ -65.301731142467489, -21.71020663617962 ], [ -65.302114529455096, -21.70945901686018 ], [ -65.302683413199702, -21.708920489595762 ], [ -65.303396233160313, -21.708495753263335 ], [ -65.304252989649086, -21.708184805781386 ], [ -65.305050381451338, -21.708160869745566 ], [ -65.305787221319392, -21.70825195974912 ], [ -65.30644160026165, -21.708247995381967 ], [ -65.306992141929626, -21.708015334035515 ], [ -65.307214562866193, -21.707650887008107 ], [ -65.307413881275195, -21.706904371721027 ], [ -65.307447283009509, -21.70585582525278 ], [ -65.307342734838556, -21.705154519046125 ], [ -65.306761651659031, -21.704271077294656 ], [ -65.306164124720368, -21.703624939682392 ], [ -65.30503268194137, -21.702657152469655 ], [ -65.303993249936809, -21.701717217045193 ], [ -65.303798393601966, -21.701589942641547 ], [ -65.303136952836724, -21.7009510529038 ], [ -65.302595302679435, -21.700249620275976 ], [ -65.302066601831882, -21.699571996176132 ], [ -65.301844217470318, -21.6988327994336 ], [ -65.301725809710476, -21.698343802076224 ], [ -65.3016946713647, -21.697906832369672 ], [ -65.301649810966836, -21.697333780824355 ], [ -65.301671441404167, -21.696765104325419 ], [ -65.301744653529624, -21.69626300407305 ], [ -65.30189206761581, -21.695402127154299 ], [ -65.30236927990201, -21.694180927800929 ], [ -65.302746727122098, -21.693318657337947 ], [ -65.30320167607637, -21.692575359739948 ], [ -65.303680692017011, -21.691616916914935 ], [ -65.304105938069625, -21.690276576160123 ], [ -65.304204535515993, -21.689750427444963 ], [ -65.304302965972752, -21.689200389873694 ], [ -65.304299822078193, -21.688746522004251 ], [ -65.303990797997145, -21.688413947617128 ], [ -65.303734711552281, -21.688343830256766 ], [ -65.303274484110062, -21.688322724754084 ], [ -65.302693912098917, -21.688273518319999 ], [ -65.302327809068515, -21.688185112582868 ], [ -65.302121189810535, -21.687875805915883 ], [ -65.301504308118851, -21.68737786553471 ], [ -65.300911997906681, -21.686736441668508 ], [ -65.300265770858189, -21.685689228652063 ], [ -65.299746023525117, -21.684450137534629 ], [ -65.299046550591527, -21.683092680538859 ], [ -65.298962625286464, -21.682042067763252 ], [ -65.29851578263424, -21.680253076381348 ], [ -65.298330411997085, -21.67921995265857 ], [ -65.298143973572863, -21.678224734362814 ], [ -65.297883128470801, -21.677461849490253 ], [ -65.297416674057018, -21.676532975661459 ], [ -65.297132745520258, -21.676128565828371 ], [ -65.296773462481326, -21.675915723282859 ], [ -65.296081441258039, -21.675633214129988 ], [ -65.295184965185598, -21.675351930375538 ], [ -65.294544227270663, -21.675092996889926 ], [ -65.293851064468086, -21.674643261192063 ], [ -65.293182969554522, -21.67412170359415 ], [ -65.292667892147705, -21.673551447704046 ], [ -65.292126113935922, -21.672814123720098 ], [ -65.291740103913128, -21.671885457896416 ], [ -65.291274218131093, -21.671576976394892 ], [ -65.290888574338297, -21.671244832786879 ], [ -65.290297496759294, -21.670770582233693 ], [ -65.289733942558883, -21.670582838968418 ], [ -65.289146304072887, -21.670610243676933 ], [ -65.288456602938936, -21.670662147013822 ], [ -65.287280835050964, -21.670645282323875 ], [ -65.286385700342791, -21.670555068943646 ], [ -65.285565606318031, -21.670225507786444 ], [ -65.285127068909361, -21.669630884525045 ], [ -65.284841384365293, -21.668963679095977 ], [ -65.284837961748991, -21.668462017752891 ], [ -65.285037848033085, -21.667791916131875 ], [ -65.285034098902955, -21.667242476186566 ], [ -65.284875383775173, -21.666455062489938 ], [ -65.284718299612734, -21.665906535337857 ], [ -65.284433761693265, -21.665406546854523 ], [ -65.284048763522875, -21.665197614984791 ], [ -65.283767516899928, -21.66514772923756 ], [ -65.283332416484043, -21.66505476187475 ], [ -65.282515767141675, -21.665226850591161 ], [ -65.282108336877059, -21.665444282836653 ], [ -65.281574914099068, -21.665925249316729 ], [ -65.280862108581672, -21.666335612115521 ], [ -65.280146539414488, -21.666339863433272 ], [ -65.279608077283783, -21.666080274380189 ], [ -65.279197721057358, -21.665867702340016 ], [ -65.278607500738175, -21.665512859330484 ], [ -65.278042839107144, -21.66515786204409 ], [ -65.277477530458086, -21.664707307431296 ], [ -65.276988406654681, -21.664184631308725 ], [ -65.276728314488281, -21.66351725751851 ], [ -65.276800284535014, -21.662824026247335 ], [ -65.277052600500539, -21.662344733992082 ], [ -65.277200748939265, -21.661579380255144 ], [ -65.27725969377363, -21.660456826087003 ], [ -65.277538592908769, -21.65863891283507 ], [ -65.277429729136543, -21.657660066502139 ], [ -65.277168186432377, -21.656777684118818 ], [ -65.276689875015805, -21.656261711011027 ], [ -65.275987328049254, -21.655996305015762 ], [ -65.275272768602903, -21.656143875809462 ], [ -65.274403910393062, -21.656149015369067 ], [ -65.273687895114762, -21.656081577979698 ], [ -65.272919963547352, -21.655894993278132 ], [ -65.272380572900389, -21.65549204673572 ], [ -65.271930881291624, -21.654753803006361 ], [ -65.271806919298285, -21.653799229905097 ], [ -65.271928721814291, -21.652914572954749 ], [ -65.272535889360469, -21.652003159233892 ], [ -65.273350228369935, -21.651496652239732 ], [ -65.274369642103252, -21.651084491731236 ], [ -65.275184133954539, -21.65060186695576 ], [ -65.276715262815102, -21.650282227103052 ], [ -65.278372858458781, -21.649770703105677 ], [ -65.279492681102482, -21.649095126310346 ], [ -65.280101099603542, -21.648374801073238 ], [ -65.280220855940897, -21.647344966748204 ], [ -65.279932841904454, -21.646177875950777 ], [ -65.279290764843651, -21.645703877612448 ], [ -65.278341403073469, -21.645136138274609 ], [ -65.277188919328466, -21.644760722762243 ], [ -65.275806785752081, -21.644434441076605 ], [ -65.274451503730006, -21.644299117195771 ], [ -65.272943712058492, -21.644284138752877 ], [ -65.271972695850891, -21.644289872360417 ], [ -65.270900918633274, -21.644511210727451 ], [ -65.270031952884111, -21.644492443477084 ], [ -65.269184998553911, -21.643947949530567 ], [ -65.268847981521176, -21.643233215168582 ], [ -65.268433665249972, -21.642423372266396 ], [ -65.268171220783174, -21.641397617858857 ], [ -65.267765210134641, -21.639869366718344 ], [ -65.267389691244958, -21.639180375615968 ], [ -65.267055421458025, -21.638871760910867 ], [ -65.266492146493093, -21.638707836215868 ], [ -65.26562047914291, -21.638282922615559 ], [ -65.264545200246019, -21.637978654452073 ], [ -65.26339182542057, -21.637459821359283 ], [ -65.262798200387977, -21.636579337662251 ], [ -65.262297878998893, -21.6353932059748 ], [ -65.261786789137005, -21.634363404539933 ], [ -65.261523272134895, -21.633170397078761 ], [ -65.261348396562838, -21.631834729070068 ], [ -65.261626176508898, -21.630356471987863 ], [ -65.262289915719705, -21.629367220585838 ], [ -65.263302665031617, -21.627975594020914 ], [ -65.264287443054258, -21.626225754484732 ], [ -65.264943577254456, -21.625003444697231 ], [ -65.265293741157862, -21.623878493396273 ], [ -65.265896353068484, -21.622298118697785 ], [ -65.266308376856557, -21.621282773426508 ], [ -65.266340355445664, -21.619930247690892 ], [ -65.26599663672765, -21.619059501231956 ], [ -65.265742919468025, -21.618476370847571 ], [ -65.265404998225605, -21.617618256235332 ], [ -65.264812067896429, -21.616833311982887 ], [ -65.264041099131475, -21.616168868388069 ], [ -65.26360195525757, -21.615454692670301 ], [ -65.263291039662022, -21.614811437695209 ], [ -65.262972289939171, -21.613919434118237 ], [ -65.263099381703796, -21.612901215838676 ], [ -65.26324867028022, -21.612303044437873 ], [ -65.263575836272892, -21.611560477105062 ], [ -65.263954095974839, -21.610817608586981 ], [ -65.264331712334823, -21.609979173927588 ], [ -65.264318811245857, -21.609547482692093 ], [ -65.264045390439506, -21.609192418975578 ], [ -65.263556448030229, -21.6086696622936 ], [ -65.262963873876799, -21.607932483547788 ], [ -65.262345435587108, -21.607147669452534 ], [ -65.26185570313892, -21.606505452083294 ], [ -65.261109216070352, -21.605673598070734 ], [ -65.260542847649901, -21.60503182475901 ], [ -65.259924589702152, -21.604270891695304 ], [ -65.259690987515057, -21.603722736729377 ], [ -65.259532590573599, -21.602959110618205 ], [ -65.259347054301045, -21.602149490839068 ], [ -65.25867978919166, -21.601506666050952 ], [ -65.257705165432839, -21.600938942641154 ], [ -65.256938590152757, -21.600919523700032 ], [ -65.256249294571973, -21.600995221146405 ], [ -65.255152356520583, -21.601240538300683 ], [ -65.254282955717485, -21.601126140174479 ], [ -65.253815453138813, -21.600548068100174 ], [ -65.253738515416586, -21.599934692204624 ], [ -65.253938916622275, -21.599336215930872 ], [ -65.254420013944255, -21.598688320433258 ], [ -65.254975521267696, -21.597705494760433 ], [ -65.254919176382558, -21.596917370986937 ], [ -65.254760328159065, -21.596082058865335 ], [ -65.254551660913222, -21.59543817506658 ], [ -65.253701156562741, -21.594320175546571 ], [ -65.252838408994322, -21.593062997734091 ], [ -65.252691826383625, -21.592366851703485 ], [ -65.252530450772639, -21.591149262126528 ], [ -65.25226927578926, -21.590290641799022 ], [ -65.252013193749079, -21.588833802999229 ], [ -65.252279577756241, -21.587996872791145 ], [ -65.252632449523318, -21.587278034800796 ], [ -65.253163657891818, -21.586486479352736 ], [ -65.253848132209583, -21.585694030348066 ], [ -65.254073745533404, -21.58504760663703 ], [ -65.254123676762305, -21.584139690042633 ], [ -65.254028271149238, -21.583030481182291 ], [ -65.253519339002366, -21.582350922546308 ], [ -65.252981630178994, -21.582162906444655 ], [ -65.252215767818939, -21.582239039127558 ], [ -65.251448634488, -21.582124031890437 ], [ -65.250602648456152, -21.581674975852632 ], [ -65.250131463703127, -21.581226774598132 ], [ -65.25003385303097, -21.580650873742027 ], [ -65.250054166753841, -21.579862281386976 ], [ -65.250306281140254, -21.579359061338323 ], [ -65.250687542380305, -21.579070129194772 ], [ -65.251350422864434, -21.578875133637059 ], [ -65.252089458077435, -21.578608013770591 ], [ -65.252649524188925, -21.578318038315249 ], [ -65.252927490972695, -21.577862450217768 ], [ -65.253049809658464, -21.57704936751044 ], [ -65.25307074587063, -21.576356340101036 ], [ -65.252785607663242, -21.575356102456279 ], [ -65.252268248624404, -21.574760152715797 ], [ -65.251779428226769, -21.574237339061231 ], [ -65.250674711683317, -21.573288020081328 ], [ -65.249238419354086, -21.572412297635037 ], [ -65.24818781967484, -21.57191662455056 ], [ -65.246908127726897, -21.571541740833059 ], [ -65.246037130220799, -21.571164485356924 ], [ -65.245341310969977, -21.570542492514654 ], [ -65.245285214986467, -21.570371564798904 ], [ -65.24514803294305, -21.570044178921254 ], [ -65.245130649089631, -21.569282137026519 ], [ -65.245151613555109, -21.568589100472032 ], [ -65.245351575959674, -21.567597423877746 ], [ -65.245732542835384, -21.566595455717561 ], [ -65.246099806821718, -21.565190713473253 ], [ -65.246421743902559, -21.563659647850997 ], [ -65.246637715444564, -21.561555738001669 ], [ -65.246729608582257, -21.560002100390495 ], [ -65.246421856665322, -21.55837486452176 ], [ -65.246391296068921, -21.558020793830053 ], [ -65.246068477121142, -21.556589079906811 ], [ -65.245522164712952, -21.555086909212296 ], [ -65.245156698789202, -21.553894313565362 ], [ -65.245153383910562, -21.553392554241167 ], [ -65.245532232039949, -21.552745218472285 ], [ -65.245937565465397, -21.5522410943802 ], [ -65.246721579393139, -21.551065736394623 ], [ -65.247500839177462, -21.549173569741455 ], [ -65.248158396278924, -21.548190088343812 ], [ -65.248820537526441, -21.547899515974589 ], [ -65.249610059782256, -21.547560414079598 ], [ -65.250604056899789, -21.547244015867001 ], [ -65.251572669843753, -21.546951654550611 ], [ -65.252105832454916, -21.546470665923021 ], [ -65.25210138812723, -21.545801644960569 ], [ -65.251969086945024, -21.54510947239735 ], [ -65.25134947387896, -21.544109500566989 ], [ -65.251014129322016, -21.543609662184899 ], [ -65.250500646822672, -21.543206436359227 ], [ -65.249986848638002, -21.542755420465728 ], [ -65.249321243101875, -21.542520336280326 ], [ -65.248733681454269, -21.542499849905294 ], [ -65.247942438667863, -21.542576120537529 ], [ -65.247099958353957, -21.542628790671955 ], [ -65.246357265268358, -21.542322459851494 ], [ -65.245814940018036, -21.541417599585092 ], [ -65.245603521701398, -21.540343560222677 ], [ -65.245522168311396, -21.539627187533451 ], [ -65.245694940266262, -21.538718186556583 ], [ -65.246097241888876, -21.537760065144994 ], [ -65.246702899121516, -21.536657395114286 ], [ -65.2470806017337, -21.535842781147988 ], [ -65.247582987707929, -21.534573438925005 ], [ -65.247909764133169, -21.53378301034812 ], [ -65.248136125791078, -21.533256008373289 ], [ -65.24803160029947, -21.532898188448176 ], [ -65.247698183318292, -21.532685064721186 ], [ -65.247237551766915, -21.532544363243318 ], [ -65.246776921868346, -21.532403660741604 ], [ -65.246339775409481, -21.531952184429798 ], [ -65.246004624673617, -21.53147622287651 ], [ -65.245528014643511, -21.531054710559697 ], [ -65.245105435873697, -21.530668989465756 ], [ -65.244796302090535, -21.530264559911267 ], [ -65.244768554920995, -21.529930187614202 ], [ -65.244971593882312, -21.529737852534922 ], [ -65.245416265915097, -21.529661241250636 ], [ -65.245991357807711, -21.529469107322992 ], [ -65.246449294997277, -21.529203610127496 ], [ -65.24693166156365, -21.52877070365853 ], [ -65.247157546645511, -21.528172014611844 ], [ -65.24692423298805, -21.5276476709485 ], [ -65.246588456383151, -21.527076129055168 ], [ -65.245996205095537, -21.526338803027944 ], [ -65.245403642720632, -21.525553685421258 ], [ -65.245041849317005, -21.524992191573833 ], [ -65.244964792836527, -21.52403125016211 ], [ -65.244851098251985, -21.523093266225658 ], [ -65.244848100302733, -21.522639270475249 ], [ -65.245076509693334, -21.522422890229475 ], [ -65.245512814171676, -21.52233409947657 ], [ -65.246071803348272, -21.522321551184252 ], [ -65.24645548355484, -21.522414911754534 ], [ -65.247172086944602, -21.52264971682871 ], [ -65.247633326831277, -21.522885999281801 ], [ -65.247965144587198, -21.522860181226715 ], [ -65.248243991180573, -21.522547924013693 ], [ -65.248394045549631, -21.522069144476454 ], [ -65.248391197316863, -21.521639042231445 ], [ -65.248618177061374, -21.521207607006659 ], [ -65.24912257095427, -21.520248860613581 ], [ -65.249452166708025, -21.519888514694227 ], [ -65.249757334263748, -21.519695579127585 ], [ -65.250089463005381, -21.519717546267298 ], [ -65.250422225789507, -21.51983509189343 ], [ -65.250960547071742, -21.520142607161869 ], [ -65.251600698383484, -21.52040173773381 ], [ -65.252341726280704, -21.520469115360164 ], [ -65.252773937040416, -21.520179855000823 ], [ -65.253179340882454, -21.519699584278115 ], [ -65.253430095494252, -21.519005152809999 ], [ -65.253451023861956, -21.51831205833416 ], [ -65.253030219081737, -21.516474541325916 ], [ -65.252821804659064, -21.515854465658641 ], [ -65.252356497892137, -21.515023840540884 ], [ -65.251557391017869, -21.51387847108689 ], [ -65.250708857598937, -21.512999256942255 ], [ -65.250271429785585, -21.512499984010969 ], [ -65.24962798204055, -21.511739052108226 ], [ -65.249316493477949, -21.510976191331473 ], [ -65.249159484035985, -21.510403599463682 ], [ -65.248952038834844, -21.509926884682198 ], [ -65.248539050484595, -21.509260192763392 ], [ -65.248229785267171, -21.508831858157908 ], [ -65.247719090830472, -21.50883481845489 ], [ -65.247232983218225, -21.508694259385251 ], [ -65.246618886906049, -21.508506648098187 ], [ -65.246207646361555, -21.508102796213151 ], [ -65.24584495147198, -21.507316325728997 ], [ -65.245533169802201, -21.506505663343145 ], [ -65.245376017736078, -21.505909169632712 ], [ -65.245373965826943, -21.505598531975526 ], [ -65.245468526515836, -21.50445097034665 ], [ -65.245434152451637, -21.503112981846289 ], [ -65.245250995617852, -21.502444946555432 ], [ -65.244895162085086, -21.501142525173172 ], [ -65.244843080070765, -21.500782339477901 ], [ -65.244747164854104, -21.500177839391966 ], [ -65.24478943354255, -21.499618420624859 ], [ -65.244985186972912, -21.499101127167144 ], [ -65.245318306669006, -21.498505613411208 ], [ -65.245713405829576, -21.498015840729401 ], [ -65.246520718770569, -21.497308612852891 ], [ -65.246899828771404, -21.496718563679757 ], [ -65.247201103742398, -21.495942572751268 ], [ -65.247407945490721, -21.494787171939841 ], [ -65.247508353124687, -21.493754257477157 ], [ -65.247378758712316, -21.49269113147804 ], [ -65.247150629176886, -21.490627780046985 ], [ -65.247070826414017, -21.489114909824963 ], [ -65.247280656677162, -21.488477660273464 ], [ -65.247518407124801, -21.488001401569285 ], [ -65.247985637020093, -21.487507718063515 ], [ -65.248467956588684, -21.486999496432261 ], [ -65.248994890412447, -21.486404661571257 ], [ -65.249398213236063, -21.485739813621798 ], [ -65.24976980545712, -21.48500371694238 ], [ -65.250052600152102, -21.484469507063618 ], [ -65.250211347487507, -21.483836622441231 ], [ -65.250263783910285, -21.483262510193601 ], [ -65.250087850656143, -21.482777485221924 ], [ -65.249812660334399, -21.482379088729171 ], [ -65.248894886431998, -21.481890431745317 ], [ -65.247844592354696, -21.48131682465025 ], [ -65.247070154410991, -21.480753834159241 ], [ -65.246553397561371, -21.480015353722038 ], [ -65.246402531705186, -21.479323623028392 ], [ -65.246257977069703, -21.478729159237865 ], [ -65.246140674060911, -21.478071317538671 ], [ -65.24614499143199, -21.477354500090669 ], [ -65.246210117808204, -21.476608194250058 ], [ -65.246505146799578, -21.475873134208548 ], [ -65.246924649283045, -21.475265416219081 ], [ -65.247463785123699, -21.474469731127055 ], [ -65.247836683509561, -21.473819633333498 ], [ -65.248316543153621, -21.47315375986469 ], [ -65.248737131646067, -21.472617699722367 ], [ -65.249188340235193, -21.472081226632646 ], [ -65.249485547840607, -21.471489484584957 ], [ -65.249582382377781, -21.470814428535139 ], [ -65.249572034770551, -21.470140814088371 ], [ -65.249444891008537, -21.469483107808824 ], [ -65.249437897917147, -21.469027790858849 ], [ -65.248973433894392, -21.467869307197482 ], [ -65.248479828611195, -21.466890403450289 ], [ -65.247832697767691, -21.46630180584156 ], [ -65.246898945757437, -21.465746924352253 ], [ -65.246349351544154, -21.465276469815759 ], [ -65.244679213193564, -21.464552276345607 ], [ -65.243295713549443, -21.463794355479607 ], [ -65.242617175026055, -21.463236021554959 ], [ -65.242194279915552, -21.462704122869084 ], [ -65.241926306216016, -21.461871493118142 ], [ -65.241941755819198, -21.460796143164902 ], [ -65.242082051849408, -21.459539927619176 ], [ -65.242224174767742, -21.458403149065138 ], [ -65.242462440761358, -21.457294945165614 ], [ -65.242734429315647, -21.456305749207527 ], [ -65.243132170425554, -21.455195406749517 ], [ -65.243378654626241, -21.454624663573949 ], [ -65.243625593777125, -21.454083780614834 ], [ -65.243929465493366, -21.45309415518669 ], [ -65.243819610616413, -21.452169811750775 ], [ -65.243869232276978, -21.451243328511548 ], [ -65.243699702767913, -21.450588570525532 ], [ -65.243213054031486, -21.450057525476346 ], [ -65.242506344062534, -21.449738484892084 ], [ -65.242023356921209, -21.449446307534764 ], [ -65.241693908819286, -21.448763825337181 ], [ -65.241425970742483, -21.447931191240418 ], [ -65.24140679979935, -21.446677112376062 ], [ -65.24152159598772, -21.445839349901981 ], [ -65.241563931054031, -21.44443512155161 ], [ -65.241677355967653, -21.443507783024639 ], [ -65.242387437966073, -21.441963199206363 ], [ -65.243138257794683, -21.440997451452905 ], [ -65.243445311454565, -21.440216841121135 ], [ -65.243689034916002, -21.439466945702709 ], [ -65.243836620903693, -21.438688472917992 ], [ -65.243821092105421, -21.43767326729618 ], [ -65.243621063649826, -21.437108511182863 ], [ -65.243289815726868, -21.436306592621637 ], [ -65.242800482019192, -21.435596386981899 ], [ -65.242504785431393, -21.435032911202139 ], [ -65.242398615015532, -21.434347435690576 ], [ -65.242512032743292, -21.433420094991732 ], [ -65.242688319627533, -21.432432183387718 ], [ -65.242801279528905, -21.431474983824138 ], [ -65.242437978844492, -21.430661546252793 ], [ -65.242050272965585, -21.430338222522373 ], [ -65.241502205558049, -21.429957313864652 ], [ -65.241118607385744, -21.429902720068188 ], [ -65.240512687725769, -21.429910830732464 ], [ -65.240002439804471, -21.429917659440665 ], [ -65.239553239365989, -21.429744477392489 ], [ -65.239324538806045, -21.429389154309536 ], [ -65.23906121547229, -21.428855102765468 ], [ -65.238481725197261, -21.428504469873651 ], [ -65.237482202966092, -21.427801065131511 ], [ -65.236804319522861, -21.427272549319227 ], [ -65.236220745496837, -21.426653174223294 ], [ -65.235705505878954, -21.426331537150471 ], [ -65.235351079669442, -21.426097346613876 ], [ -65.23483629608171, -21.425805565994253 ], [ -65.23473153515728, -21.425209658288654 ], [ -65.234687827291509, -21.424433743833944 ], [ -65.234551179630301, -21.423838261575561 ], [ -65.234510200315242, -21.423241501740563 ], [ -65.234660555623805, -21.422642188302124 ], [ -65.234844162522705, -21.422132028787605 ], [ -65.235251900332258, -21.42167860625181 ], [ -65.235785824874753, -21.421133902802094 ], [ -65.236223807496472, -21.420572560187711 ], [ -65.236467090812226, -21.419792813269481 ], [ -65.236583273899015, -21.419044629287757 ], [ -65.23632043665188, -21.418540429032788 ], [ -65.236058967174699, -21.418125805600223 ], [ -65.236019349750336, -21.417618624468847 ], [ -65.236300428330523, -21.417226623376646 ], [ -65.236550074153897, -21.416864905354593 ], [ -65.236669439781153, -21.416325736326488 ], [ -65.236849850291989, -21.41560656016398 ], [ -65.236845302594375, -21.415307967006541 ], [ -65.2369341428561, -21.41485880080543 ], [ -65.236895434296756, -21.414411338583431 ], [ -65.23646725957687, -21.413521096652421 ], [ -65.235743475586375, -21.412067358046233 ], [ -65.235184590195971, -21.410969797920504 ], [ -65.235107187037698, -21.410074870456334 ], [ -65.235186490965006, -21.408998660001888 ], [ -65.235398790346181, -21.40827905945638 ], [ -65.235903511265789, -21.407913939859451 ], [ -65.236665133761065, -21.407664851249283 ], [ -65.23729784755507, -21.407327884413146 ], [ -65.237477338411736, -21.406548989469357 ], [ -65.237241410391675, -21.4057159105406 ], [ -65.237168092327664, -21.405089718221689 ], [ -65.2367777437873, -21.404587218716184 ], [ -65.236197905162129, -21.404206708541448 ], [ -65.235683656271306, -21.403944782036326 ], [ -65.234789060706916, -21.403837254167588 ], [ -65.233605232338803, -21.403584249329842 ], [ -65.232416417089908, -21.403002784144235 ], [ -65.231582424702822, -21.402685372786692 ], [ -65.230683757912999, -21.402309087084884 ], [ -65.230450141990431, -21.401625292239739 ], [ -65.230441532424038, -21.401057962770757 ], [ -65.230780931522304, -21.400306809518231 ], [ -65.230930834956425, -21.399677639725063 ], [ -65.230792875668911, -21.39899257054244 ], [ -65.230460442734497, -21.398101032464943 ], [ -65.230445491044193, -21.397115670353891 ], [ -65.230624559838049, -21.396306920558875 ], [ -65.23093342541776, -21.395645769358758 ], [ -65.23140034428485, -21.394892917644093 ], [ -65.231897782069112, -21.394050063664416 ], [ -65.232302737677543, -21.393417496282296 ], [ -65.23280515410768, -21.3929030938789 ], [ -65.233244707834629, -21.392449256900928 ], [ -65.233621855384953, -21.392085846312987 ], [ -65.23371115200743, -21.391666540340914 ], [ -65.233702080406673, -21.391069353996343 ], [ -65.233374641972787, -21.39050627220605 ], [ -65.233267658409204, -21.389761061049374 ], [ -65.233193012404101, -21.389045285583222 ], [ -65.23299174720195, -21.388390926293297 ], [ -65.232730800718599, -21.388006150842394 ], [ -65.232151493968217, -21.387655479211574 ], [ -65.231415048978732, -21.387456223280903 ], [ -65.230616652896146, -21.387377250198146 ], [ -65.230040975129086, -21.387265445499512 ], [ -65.229715823492, -21.386851652837013 ], [ -65.229643007282007, -21.386255311236454 ], [ -65.229824336703984, -21.385595859030992 ], [ -65.230169142573672, -21.385203022170863 ], [ -65.230897877742976, -21.384894673002055 ], [ -65.231527342466308, -21.384348719291435 ], [ -65.231969142691256, -21.384044184736926 ], [ -65.232345820530583, -21.383650919629829 ], [ -65.232591983633725, -21.383062278461598 ], [ -65.232612081646778, -21.382285509656633 ], [ -65.232661342017337, -21.381329158268745 ], [ -65.232393614259692, -21.380496489062452 ], [ -65.232152788223388, -21.379334941796419 ], [ -65.232044466211534, -21.378500148550621 ], [ -65.231871028470337, -21.377576627220169 ], [ -65.231703481397744, -21.377041277352522 ], [ -65.231566908570798, -21.376445783450752 ], [ -65.230913483031117, -21.375409182984125 ], [ -65.230903525276076, -21.374752273555963 ], [ -65.230921372866703, -21.373826205820318 ], [ -65.231002523870558, -21.372869428945037 ], [ -65.230990304567314, -21.372063223240978 ], [ -65.230817790152216, -21.371199416195186 ], [ -65.230709033305587, -21.370334762426989 ], [ -65.23098959852102, -21.369912914710302 ], [ -65.231422760802218, -21.369041054224887 ], [ -65.231665558124064, -21.368231455609532 ], [ -65.231585962446459, -21.367187220705016 ], [ -65.231157985798916, -21.36629694595203 ], [ -65.230701756655478, -21.365645969470368 ], [ -65.229994136565551, -21.365237256409475 ], [ -65.229539725009857, -21.364705714465781 ], [ -65.229298958046115, -21.363544156025583 ], [ -65.229381478593808, -21.362676957672218 ], [ -65.229175757390564, -21.361723991893125 ], [ -65.22859250097666, -21.361104559734148 ], [ -65.227757406645495, -21.360697527599982 ], [ -65.22730590703236, -21.360357079779131 ], [ -65.227046386076623, -21.360061866896839 ], [ -65.226941278366525, -21.359436083051207 ], [ -65.227057493378837, -21.358687901526448 ], [ -65.227236555012382, -21.357879153145724 ], [ -65.227038080538307, -21.35740393630023 ], [ -65.226715718563753, -21.357169288422071 ], [ -65.22591568433451, -21.356970839752652 ], [ -65.225082424085812, -21.35668323059128 ], [ -65.224531531198934, -21.356093218181282 ], [ -65.224298939796441, -21.355469121556911 ], [ -65.224253990987592, -21.354603611680627 ], [ -65.224402995165391, -21.353914727744765 ], [ -65.224519671931617, -21.353196405096433 ], [ -65.22451290964986, -21.352748509381453 ], [ -65.224283479635005, -21.352333429015552 ], [ -65.223737115631309, -21.352042010186899 ], [ -65.223223977314419, -21.351839746489023 ], [ -65.223056048914259, -21.351274521419136 ], [ -65.223204605785583, -21.350555776660233 ], [ -65.223644979630237, -21.350161692235318 ], [ -65.224528423178157, -21.349552675272527 ], [ -65.225474254814898, -21.348853231599417 ], [ -65.226387300283861, -21.348094486209426 ], [ -65.227363181436502, -21.347275171774452 ], [ -65.227931024483354, -21.34687938585251 ], [ -65.228306816415909, -21.346432387868106 ], [ -65.228453086641096, -21.345564343889244 ], [ -65.22840631694153, -21.344579397209142 ], [ -65.228100961365627, -21.343358957703657 ], [ -65.227673990497507, -21.342528382857761 ], [ -65.22731528106128, -21.341995558037372 ], [ -65.226754969064771, -21.340778495355533 ], [ -65.226550662773022, -21.33991509867726 ], [ -65.226698294470069, -21.339136634070766 ], [ -65.226877795623523, -21.338357746256751 ], [ -65.227091421765167, -21.337727734351354 ], [ -65.227339622743429, -21.337276459111543 ], [ -65.227716206544486, -21.336883211465398 ], [ -65.227964403948505, -21.336431933997062 ], [ -65.227797382364471, -21.335926432230554 ], [ -65.227310758663236, -21.335365437553005 ], [ -65.226277321098991, -21.334901284468465 ], [ -65.225002511590048, -21.334918172748893 ], [ -65.224147869711132, -21.33531774347691 ], [ -65.223390634022863, -21.335835484927596 ], [ -65.222188105141697, -21.336418844909726 ], [ -65.22139313727844, -21.336548821415519 ], [ -65.220656515055921, -21.336319634308371 ], [ -65.220002020131787, -21.335193384447901 ], [ -65.219725933505003, -21.333793339910134 ], [ -65.219834987707742, -21.33256740019068 ], [ -65.220202144022196, -21.331547111992641 ], [ -65.220764556927392, -21.330793034438425 ], [ -65.221266374437064, -21.330248817006254 ], [ -65.221287002995126, -21.329501899067335 ], [ -65.221242994918214, -21.328696104827817 ], [ -65.221264972390784, -21.328038766709486 ], [ -65.221544597626121, -21.327557217085953 ], [ -65.222050000623895, -21.327251876790637 ], [ -65.222844466481902, -21.327092042327497 ], [ -65.223481839182952, -21.327083610424918 ], [ -65.224340039637383, -21.326922924392431 ], [ -65.224941939118594, -21.326676030800105 ], [ -65.225318956159327, -21.326312649759391 ], [ -65.22497024413201, -21.325410553360882 ], [ -65.224252039283243, -21.324285161230531 ], [ -65.223505126807112, -21.323369203933463 ], [ -65.22253964887652, -21.322754792709294 ], [ -65.221735763620302, -21.322287567212012 ], [ -65.220551270509461, -21.32194482969027 ], [ -65.219492006330569, -21.321451100842257 ], [ -65.218401331043978, -21.32098764576104 ], [ -65.217661649893159, -21.32054941770463 ], [ -65.217401327727245, -21.320194460786574 ], [ -65.217554383008576, -21.319774319386752 ], [ -65.21779855208797, -21.31905431770133 ], [ -65.218204295844416, -21.318481511855452 ], [ -65.218641904390552, -21.317908285598232 ], [ -65.218950694872348, -21.317247161369284 ], [ -65.219035970571497, -21.316559120713478 ], [ -65.219177796482313, -21.315392480204071 ], [ -65.218941268355621, -21.314499625026819 ], [ -65.21864397460044, -21.313804687711315 ], [ -65.218255752509222, -21.313421552827538 ], [ -65.217805594475422, -21.31315869771532 ], [ -65.217293948888113, -21.313045981908171 ], [ -65.216912008416813, -21.31308088470071 ], [ -65.216430885345744, -21.312878165897811 ], [ -65.216232520225105, -21.312402925473226 ], [ -65.216254077050095, -21.311715725343838 ], [ -65.216498242646736, -21.310995724015299 ], [ -65.216807033243654, -21.310334604601749 ], [ -65.217210966412281, -21.309642361983848 ], [ -65.217744599044352, -21.30909773901903 ], [ -65.218216740974682, -21.308703255922119 ], [ -65.218400752485465, -21.308222973493201 ], [ -65.218362160263482, -21.307775494208151 ], [ -65.218000438170051, -21.307033617294135 ], [ -65.217480296284293, -21.306353560229649 ], [ -65.217179621819298, -21.305431679725398 ], [ -65.216979025783189, -21.30480713984764 ], [ -65.216968089908249, -21.304078554605766 ], [ -65.217280900554073, -21.303686173803211 ], [ -65.217941071293922, -21.303080152584783 ], [ -65.218445057645638, -21.302685248917211 ], [ -65.218629510957285, -21.302234827407538 ], [ -65.218687407515731, -21.301845806219486 ], [ -65.21871030182902, -21.301248186142431 ], [ -65.218446877718478, -21.300684207884903 ], [ -65.217959069850366, -21.30003358907809 ], [ -65.217310608472815, -21.299295489157057 ], [ -65.216694912896571, -21.298616685780143 ], [ -65.215791117066914, -21.297852077815353 ], [ -65.215432123771876, -21.297289351612996 ], [ -65.214885540048655, -21.296968022043259 ], [ -65.214338065073676, -21.296586969785075 ], [ -65.213886177316951, -21.296204659748337 ], [ -65.213213941288799, -21.296004441420212 ], [ -65.212854963037756, -21.295441708339652 ], [ -65.212846021326271, -21.294844504653376 ], [ -65.212772014255236, -21.294158560318436 ], [ -65.212567432276273, -21.293265268556798 ], [ -65.212239877010092, -21.292672255719374 ], [ -65.211884933024635, -21.292378260484401 ], [ -65.211744886603029, -21.291537879310813 ], [ -65.211800119201556, -21.290969697383357 ], [ -65.212175301796847, -21.290486908764432 ], [ -65.212678819450488, -21.290062165207477 ], [ -65.213217770111569, -21.289875881766395 ], [ -65.213689868725595, -21.289481413767462 ], [ -65.213906633254538, -21.289060438403251 ], [ -65.214058333675197, -21.28855071934192 ], [ -65.214371571266057, -21.288188206723341 ], [ -65.214845897273889, -21.287943037322787 ], [ -65.215510489015315, -21.287635629257068 ], [ -65.216206490973462, -21.287297940120588 ], [ -65.216774153316905, -21.286902205609298 ], [ -65.21718116936492, -21.286418989929192 ], [ -65.217332855949678, -21.285909269151734 ], [ -65.217003958653279, -21.285226683301399 ], [ -65.216352442363075, -21.284279552243397 ], [ -65.215700933560967, -21.283332415978851 ], [ -65.214985804084776, -21.282392088648717 ], [ -65.214498527057657, -21.281771312387725 ], [ -65.214233818698403, -21.281117741130295 ], [ -65.21406603053947, -21.280552492971847 ], [ -65.213863702960566, -21.27980850260376 ], [ -65.213854763711666, -21.279211298603499 ], [ -65.214130761148368, -21.278490884132101 ], [ -65.214217843340975, -21.27792228311036 ], [ -65.214528824593458, -21.277410470389597 ], [ -65.214709690203506, -21.276721172004141 ], [ -65.214764910604416, -21.276152990443276 ], [ -65.2149143635516, -21.275493972448949 ], [ -65.215478857785072, -21.274889224583411 ], [ -65.215629200637608, -21.274289925309805 ], [ -65.215843258272258, -21.273689787915433 ], [ -65.216024561341314, -21.273030348767943 ], [ -65.216654097647321, -21.272514340361553 ], [ -65.217538753146684, -21.272012890182452 ], [ -65.218106357211511, -21.271617158003284 ], [ -65.218419998426256, -21.27128449971168 ], [ -65.218861067164326, -21.270950163215524 ], [ -65.219367188918838, -21.270704565275032 ], [ -65.21977774032321, -21.270460226705293 ], [ -65.220056383869164, -21.269918966518961 ], [ -65.220237217367313, -21.26922966439064 ], [ -65.220357921769946, -21.268780083393505 ], [ -65.220063152724833, -21.268246380976684 ], [ -65.21993035374939, -21.26788973992803 ], [ -65.220112082479403, -21.267260157768355 ], [ -65.220229201870367, -21.266571695985352 ], [ -65.220281266071851, -21.265794494284414 ], [ -65.220082966934754, -21.265319251633198 ], [ -65.2199142845583, -21.264694288767888 ], [ -65.220066843113841, -21.264244288088282 ], [ -65.220186649006322, -21.263734985769293 ], [ -65.220272361164319, -21.263076804342305 ], [ -65.220265195041193, -21.262599042511862 ], [ -65.220002743040467, -21.26209477938767 ], [ -65.219523580986774, -21.262011494228734 ], [ -65.21910946986219, -21.262016949830311 ], [ -65.218762648744388, -21.262260446621472 ], [ -65.218448576929006, -21.262563243458377 ], [ -65.218200002542062, -21.262984641108066 ], [ -65.21798194108456, -21.263316038175887 ], [ -65.217570062890573, -21.26347079059537 ], [ -65.217090895521139, -21.263387499306447 ], [ -65.216795256219882, -21.262794069847402 ], [ -65.21643725211149, -21.262291056387152 ], [ -65.216205685472801, -21.261720674311505 ], [ -65.2161348239419, -21.261243749765594 ], [ -65.21619138068759, -21.260765147939974 ], [ -65.216436381377179, -21.260104871871466 ], [ -65.216748664993872, -21.259682637529071 ], [ -65.217155167989986, -21.259169565045205 ], [ -65.217530261377902, -21.258686771811828 ], [ -65.218066409552847, -21.258321322762118 ], [ -65.218701698384095, -21.258193493840302 ], [ -65.219749742081376, -21.257970627966124 ], [ -65.220768166423355, -21.257897475644288 ], [ -65.221470741014087, -21.258007677787496 ], [ -65.222110951908292, -21.258208298620804 ], [ -65.222783019425933, -21.258408495911567 ], [ -65.223324982794765, -21.258431209923994 ], [ -65.223766002282275, -21.258096864780381 ], [ -65.22414241581636, -21.257703639150506 ], [ -65.224259064712371, -21.256985315049324 ], [ -65.224249645819157, -21.256358254640755 ], [ -65.223981812406336, -21.255495676032954 ], [ -65.22355337422438, -21.254545618596303 ], [ -65.222801932440007, -21.253301159833395 ], [ -65.221963905216526, -21.252655159791082 ], [ -65.221067107431438, -21.252338454142738 ], [ -65.220013734308722, -21.252203003784146 ], [ -65.219121863912491, -21.25221474919481 ], [ -65.218203057635762, -21.252555371986876 ], [ -65.217259548889047, -21.253374172542326 ], [ -65.216413375062629, -21.254311152699906 ], [ -65.215790164576717, -21.255245197193641 ], [ -65.215164712166825, -21.256029939690272 ], [ -65.214730822535614, -21.256842027814837 ], [ -65.214386237527606, -21.257234816311296 ], [ -65.213501475398331, -21.25772429993409 ], [ -65.212930336408121, -21.257881132171786 ], [ -65.21212640522414, -21.257383964249406 ], [ -65.211478624766073, -21.256675679844271 ], [ -65.21124673016287, -21.256081399342978 ], [ -65.210950685351506, -21.255458094249839 ], [ -65.211064277946363, -21.254530753058926 ], [ -65.211370771578984, -21.253720344383328 ], [ -65.21167993773075, -21.253089097376094 ], [ -65.212268639233329, -21.251976321833155 ], [ -65.212324315639222, -21.251438001265061 ], [ -65.212505172313044, -21.250748704482042 ], [ -65.212684688207389, -21.249969827535359 ], [ -65.212994289108167, -21.249368439527093 ], [ -65.213395783604994, -21.248520942600841 ], [ -65.213765512399917, -21.247679834076862 ], [ -65.214045482688206, -21.247228164497596 ], [ -65.214166194613753, -21.246778586728038 ], [ -65.21399756675487, -21.246153611725475 ], [ -65.213383468564786, -21.24556435301459 ], [ -65.213022846347599, -21.244882166510617 ], [ -65.212408311144145, -21.244263042596216 ], [ -65.211858820760398, -21.243732661101586 ], [ -65.21102178631601, -21.243146316678782 ], [ -65.210252467466034, -21.242827876319424 ], [ -65.208969534772237, -21.242247365206904 ], [ -65.208261256365432, -21.241748918196691 ], [ -65.207233588132553, -21.2411949160348 ], [ -65.206647385260538, -21.2403364667754 ], [ -65.206416875892785, -21.239831757314327 ], [ -65.206567234251736, -21.239232462853547 ], [ -65.206878620879706, -21.238750526750319 ], [ -65.207573982287599, -21.238383029707201 ], [ -65.208273788645826, -21.238314134657841 ], [ -65.209038628234339, -21.2383339819207 ], [ -65.209830866894023, -21.238054805116366 ], [ -65.211721351980685, -21.236656173450047 ], [ -65.211941178769706, -21.236444226092718 ], [ -65.21199952966829, -21.236085065806407 ], [ -65.211859656681014, -21.235250646024799 ], [ -65.211719340890937, -21.234386366065845 ], [ -65.211580363275758, -21.233611666439209 ], [ -65.21150732365038, -21.232661683038447 ], [ -65.211370488741778, -21.231688644001764 ], [ -65.210929623380764, -21.230834275213873 ], [ -65.210676480698694, -21.230264161612929 ], [ -65.210479361556835, -21.229349253312858 ], [ -65.210289081120777, -21.228893001042373 ], [ -65.209795627498224, -21.228612749529514 ], [ -65.209239321090422, -21.228218634971437 ], [ -65.208680454541835, -21.227652519407727 ], [ -65.20836618122911, -21.227083201364156 ], [ -65.207983935264849, -21.22605602581125 ], [ -65.207667107150044, -21.225314708967097 ], [ -65.207412283219412, -21.224629923691918 ], [ -65.206790586222425, -21.223949936002416 ], [ -65.206350928182701, -21.223447242056949 ], [ -65.205915803823686, -21.2229750701261 ], [ -65.205684783259159, -21.222519343377659 ], [ -65.205313083056666, -21.222199256673939 ], [ -65.204881089665648, -21.221937299601027 ], [ -65.203797169228636, -21.221702972111391 ], [ -65.202796764704971, -21.221601347900787 ], [ -65.201999895453568, -21.22147794838753 ], [ -65.201407975624093, -21.221428328618511 ], [ -65.200795392131198, -21.221359862176236 ], [ -65.200343310623893, -21.221117269363152 ], [ -65.200315526553155, -21.220343494075607 ], [ -65.200299050835113, -21.219232677003728 ], [ -65.200443407948612, -21.218657358416475 ], [ -65.200356349692512, -21.217941699476992 ], [ -65.200158368559812, -21.217478363986626 ], [ -65.200263979031092, -21.216867710945806 ], [ -65.200524041163192, -21.216362564377668 ], [ -65.200666269333993, -21.215643915785471 ], [ -65.200691198574987, -21.214747596769861 ], [ -65.20056274067646, -21.213817437936981 ], [ -65.200744776347577, -21.213205788448924 ], [ -65.201199085916045, -21.212913146725242 ], [ -65.202150699361155, -21.212649856076172 ], [ -65.202912837174239, -21.212496550744568 ], [ -65.203634100988495, -21.212164578413763 ], [ -65.204316083892778, -21.211761437813628 ], [ -65.205034146000415, -21.21121446311335 ], [ -65.205675243302963, -21.210632652297665 ], [ -65.206009572852366, -21.209983169371025 ], [ -65.206150705985351, -21.20919285246195 ], [ -65.206140054238006, -21.20847619782668 ], [ -65.205977088996619, -21.207797374107866 ], [ -65.20539485901341, -21.207195706899583 ], [ -65.204549409305571, -21.206884191888243 ], [ -65.20389448978699, -21.20653434536052 ], [ -65.202856287163144, -21.206110650818296 ], [ -65.201776263958251, -21.205443784173923 ], [ -65.201123482780233, -21.205237257122224 ], [ -65.200548717107921, -21.2051372296526 ], [ -65.2001230816076, -21.204784379781792 ], [ -65.200034977461755, -21.20399705243107 ], [ -65.200285463411248, -21.202846914664335 ], [ -65.20076998963755, -21.202016285382367 ], [ -65.201557537688771, -21.201002505839497 ], [ -65.203743426923111, -21.19893112697936 ], [ -65.206152122706982, -21.196426737219607 ], [ -65.207320627407327, -21.195336278590378 ], [ -65.208000394987209, -21.19478979841179 ], [ -65.208949747688436, -21.194383148366484 ], [ -65.20986515105254, -21.194263655907665 ], [ -65.210704134407351, -21.194145157681412 ], [ -65.211391885613779, -21.194136154432734 ], [ -65.211847184133717, -21.193915154393224 ], [ -65.211991480163292, -21.193339831599278 ], [ -65.211829045204666, -21.192696845872693 ], [ -65.211780167369767, -21.19198069315506 ], [ -65.211227980149658, -21.190826717402988 ], [ -65.210137383881971, -21.18944324361085 ], [ -65.209011264561028, -21.188239423354563 ], [ -65.207581108565094, -21.187147085924298 ], [ -65.206608384533567, -21.185977081992561 ], [ -65.20556298609182, -21.185058898680413 ], [ -65.20467148844881, -21.184210378286 ], [ -65.204149837167833, -21.182532713465175 ], [ -65.203832505414397, -21.181748376620149 ], [ -65.203247740899087, -21.180967526350312 ], [ -65.203275643458639, -21.180271869443981 ], [ -65.203607271060463, -21.179443229978979 ], [ -65.204097026593928, -21.178970926638442 ], [ -65.204666907008644, -21.178748453758022 ], [ -65.205308942296213, -21.178238320979908 ], [ -65.205368343440412, -21.17709067145643 ], [ -65.205087629030672, -21.176198339840013 ], [ -65.204579291696632, -21.175416494792071 ], [ -65.2031588526376, -21.174969097693534 ], [ -65.201931030781239, -21.174626698282985 ], [ -65.201087370472621, -21.174422646741544 ], [ -65.200730811423426, -21.173567132108818 ], [ -65.200187482787825, -21.173000766520559 ], [ -65.199498235305114, -21.172902216332798 ], [ -65.198885395934965, -21.172802669977575 ], [ -65.197962694254215, -21.172420429913878 ], [ -65.197032056811096, -21.1715006888179 ], [ -65.196066402925098, -21.170796437232351 ], [ -65.195173460528792, -21.169840353751503 ], [ -65.194507630587154, -21.1687379574674 ], [ -65.193498519951746, -21.167675851910666 ], [ -65.192411542575471, -21.16651439603444 ], [ -65.191058122542017, -21.165420897192696 ], [ -65.189627792812132, -21.164292541880407 ], [ -65.189080848584354, -21.163475299638804 ], [ -65.188950432011808, -21.162401783489823 ], [ -65.188591867088121, -21.161402900401473 ], [ -65.188386110848626, -21.160402038366158 ], [ -65.188794191372281, -21.159572433960854 ], [ -65.189739700810563, -21.158915073267949 ], [ -65.190684147170714, -21.158186039911161 ], [ -65.191169135633146, -21.157391275150875 ], [ -65.191384615931895, -21.156456640165011 ], [ -65.191368789872286, -21.15538164223166 ], [ -65.190859546334551, -21.154528075647264 ], [ -65.190697681535823, -21.153913721394861 ], [ -65.190836764655856, -21.152980076599928 ], [ -65.191198178245173, -21.15157763063015 ], [ -65.191720289111771, -21.150710703994385 ], [ -65.192476327438598, -21.150163306177078 ], [ -65.193199969349962, -21.15001056720363 ], [ -65.193650947985418, -21.149502958969141 ], [ -65.194182013572231, -21.149245192153579 ], [ -65.194632457816994, -21.148701748187143 ], [ -65.194661676687758, -21.148092087457805 ], [ -65.194574721416245, -21.147376414476859 ], [ -65.194681390294164, -21.146837429129846 ], [ -65.194407149211557, -21.146375064727735 ], [ -65.193676665429209, -21.146061974950506 ], [ -65.192638503014436, -21.145609508615145 ], [ -65.191904861229901, -21.145081410938271 ], [ -65.191170698133234, -21.14451747609024 ], [ -65.190246086725438, -21.14399184261687 ], [ -65.19012306949854, -21.143419992287939 ], [ -65.190305090850117, -21.142808353519651 ], [ -65.190100940796711, -21.141914991002526 ], [ -65.190166266906019, -21.141161500448682 ], [ -65.190420461986207, -21.140262206463177 ], [ -65.190870896669878, -21.139718773715867 ], [ -65.191437494900242, -21.139281356155017 ], [ -65.192004616062135, -21.138879771351647 ], [ -65.192569625460038, -21.138334851078291 ], [ -65.193255014736323, -21.138182610498152 ], [ -65.194098986569813, -21.138422554381982 ], [ -65.194829959894392, -21.138771478277597 ], [ -65.195487187588327, -21.139300555784107 ], [ -65.195916835794307, -21.139940105011853 ], [ -65.19619476428538, -21.14065329956933 ], [ -65.196318331167816, -21.141260977797739 ], [ -65.196516176561659, -21.14172433203985 ], [ -65.196977690197528, -21.141933381612791 ], [ -65.197324619075047, -21.142143918481594 ], [ -65.197974467739641, -21.142171319504229 ], [ -65.198278973154657, -21.142095685030547 ], [ -65.198347959820495, -21.141593028359832 ], [ -65.198610036911205, -21.141231223329953 ], [ -65.199026479742571, -21.140974932087264 ], [ -65.198983525189888, -21.140652930244478 ], [ -65.199129956501281, -21.140220947072788 ], [ -65.199546924357719, -21.14000048978842 ], [ -65.2000413394167, -21.13985070255135 ], [ -65.200109261611033, -21.139276380025429 ], [ -65.199980919160311, -21.138346207592242 ], [ -65.199741172531787, -21.137632521890037 ], [ -65.199923149532879, -21.137020877706117 ], [ -65.200062697071914, -21.136123062682483 ], [ -65.200088192644529, -21.135262569975907 ], [ -65.199998578915952, -21.134367733872409 ], [ -65.199490431178802, -21.13358585496994 ], [ -65.199211974767081, -21.132836832012725 ], [ -65.19920044789697, -21.132055667603165 ], [ -65.199221190423458, -21.130872675858427 ], [ -65.199358626277728, -21.129831529017043 ], [ -65.199422849868625, -21.129006372359683 ], [ -65.199263738149014, -21.12857835877313 ], [ -65.199138060778168, -21.127827348869552 ], [ -65.199397471214965, -21.127286378472384 ], [ -65.200070110175645, -21.126274118850276 ], [ -65.200399551118025, -21.125302157445251 ], [ -65.200425048599499, -21.124441663946197 ], [ -65.200600135948406, -21.123364186955833 ], [ -65.200508948059735, -21.122361849215956 ], [ -65.200337152202721, -21.121073838604364 ], [ -65.199714484646492, -21.120293444089537 ], [ -65.199127372323204, -21.119333385397436 ], [ -65.198774474701182, -21.118714347603916 ], [ -65.198463677951182, -21.118359980391244 ], [ -65.198420735337393, -21.118037977177394 ], [ -65.1984128117833, -21.117500477208399 ], [ -65.198212360661458, -21.116857956803898 ], [ -65.197896289564639, -21.116145254541681 ], [ -65.197693731570155, -21.115359398104232 ], [ -65.197722415802971, -21.114713904217428 ], [ -65.198016834948859, -21.113957441418023 ], [ -65.198196158784015, -21.113166631178299 ], [ -65.198336237268876, -21.112304650204912 ], [ -65.19870596786383, -21.111475529557026 ], [ -65.199039091191793, -21.11075440342821 ], [ -65.199259764549296, -21.110178097160006 ], [ -65.199246560119633, -21.109282265547268 ], [ -65.198929974922194, -21.10853373028301 ], [ -65.198612337868497, -21.107713527552296 ], [ -65.198560953062852, -21.106818190368294 ], [ -65.198547544799879, -21.105908023901819 ], [ -65.198192259091101, -21.105124148754854 ], [ -65.197410603840879, -21.103915718471981 ], [ -65.196823052845048, -21.102919808176349 ], [ -65.196622633246847, -21.102277282765492 ], [ -65.196991827381026, -21.101412332048174 ], [ -65.197440023840841, -21.10072555834892 ], [ -65.198042008877067, -21.10010846983705 ], [ -65.198645573888328, -21.099598880056451 ], [ -65.199173293474757, -21.099126112700134 ], [ -65.199818729323411, -21.098866856277002 ], [ -65.200541060162507, -21.098642440846579 ], [ -65.200954745151876, -21.098206988935519 ], [ -65.201255991519787, -21.097916355431238 ], [ -65.201670201490643, -21.097516735734672 ], [ -65.201931674382905, -21.097119098025068 ], [ -65.201809725407614, -21.096618920380884 ], [ -65.201410983606365, -21.095477213292707 ], [ -65.201173432333547, -21.094906855237561 ], [ -65.200590651202759, -21.094233456211988 ], [ -65.199901035112248, -21.094084708533185 ], [ -65.199396211015156, -21.093517814818519 ], [ -65.198812389991616, -21.092772741748092 ], [ -65.198572214804244, -21.092023211999575 ], [ -65.198828412976866, -21.091267245071542 ], [ -65.199349245249692, -21.090328645924966 ], [ -65.19972103796448, -21.089642859116069 ], [ -65.200325086298179, -21.089169100103298 ], [ -65.201044729567343, -21.088765519628886 ], [ -65.201647183386854, -21.088184255255626 ], [ -65.202094267460069, -21.087425807789018 ], [ -65.202349913200862, -21.086634003960512 ], [ -65.202607141868754, -21.085949700275751 ], [ -65.202671880501143, -21.08516037625553 ], [ -65.202774270267255, -21.08433472239577 ], [ -65.202569105801089, -21.083369702441189 ], [ -65.202138877132768, -21.082679988757846 ], [ -65.201712561229513, -21.08225544044274 ], [ -65.201586934112882, -21.081504426630183 ], [ -65.201425241123431, -21.08089724115581 ], [ -65.201263550140908, -21.080290055898274 ], [ -65.201327240144423, -21.079429063496868 ], [ -65.20153995015103, -21.078315256844132 ], [ -65.201449341209511, -21.077348746212486 ], [ -65.201659939455268, -21.076091605803455 ], [ -65.201763917138635, -21.075373453210478 ], [ -65.201791538797536, -21.074656289443872 ], [ -65.201703572040714, -21.073868945857843 ], [ -65.201952342447015, -21.072611310041037 ], [ -65.201981335149753, -21.071987313292759 ], [ -65.201972363634326, -21.071378146265406 ], [ -65.201618743020546, -21.070701769185572 ], [ -65.201114530297943, -21.070170705645658 ], [ -65.200533439290567, -21.069604797734268 ], [ -65.200218533862369, -21.068963755734 ], [ -65.200067505390706, -21.067901824595651 ], [ -65.199744330019712, -21.067357089501858 ], [ -65.199571505716222, -21.067029598399515 ], [ -65.199354346557357, -21.066803034606895 ], [ -65.1991804700789, -21.066403876787977 ], [ -65.199158665057681, -21.065959739868607 ], [ -65.199351066628637, -21.065541499542906 ], [ -65.199709752417604, -21.065006415027309 ], [ -65.199977026704062, -21.064486849758264 ], [ -65.20021375743039, -21.063967681388103 ], [ -65.200433952141523, -21.063362711348343 ], [ -65.200518191580173, -21.062859854804941 ], [ -65.2004944875208, -21.06228671817027 ], [ -65.200363682438351, -21.061700632195919 ], [ -65.200066387454754, -21.06121705658062 ], [ -65.199463488088853, -21.060723104570819 ], [ -65.1991755638158, -21.060616923399444 ], [ -65.198885305028639, -21.060351881456292 ], [ -65.198781529522776, -21.059785753096385 ], [ -65.198803685412614, -21.059128393073241 ], [ -65.198793590458124, -21.058441585175643 ], [ -65.198720751898477, -21.057815321727265 ], [ -65.198328045045841, -21.057073732347376 ], [ -65.198033407543946, -21.056510075428513 ], [ -65.197833329655694, -21.055885458226918 ], [ -65.197825872280902, -21.055377816169162 ], [ -65.197874142833214, -21.054331847541135 ], [ -65.197830490172521, -21.05352600487074 ], [ -65.197532795376262, -21.052753315051483 ], [ -65.197140109491968, -21.052011721413198 ], [ -65.196814554989018, -21.051508194043858 ], [ -65.196395325765465, -21.051125345497177 ], [ -65.196099833611413, -21.050501959411008 ], [ -65.195741163237912, -21.049909257059234 ], [ -65.195671236203381, -21.049480075525 ], [ -65.195633731810133, -21.049092289197478 ], [ -65.195946569675939, -21.048729840257231 ], [ -65.196418893477016, -21.048395195787787 ], [ -65.196921271599692, -21.047940693532745 ], [ -65.197328218628087, -21.047487424472898 ], [ -65.197577432242369, -21.047125796277239 ], [ -65.197665407067646, -21.046616919020682 ], [ -65.197627022284465, -21.046169411375963 ], [ -65.19733416709613, -21.045725194192244 ], [ -65.197009066071246, -21.045251526425119 ], [ -65.196749775755976, -21.044926342875769 ], [ -65.196744079784537, -21.044538146219963 ], [ -65.196929673268826, -21.044177340998555 ], [ -65.197052525499373, -21.043877082277568 ], [ -65.197045514866147, -21.043399300580568 ], [ -65.196973572327479, -21.042832757046622 ], [ -65.197031493711663, -21.042443737058186 ], [ -65.197376125297922, -21.042080875413564 ], [ -65.197624453898399, -21.041659525632078 ], [ -65.198060999523662, -21.041056537731052 ], [ -65.198310202329466, -21.040694909705593 ], [ -65.198304503294281, -21.040306712425167 ], [ -65.198172450404911, -21.039979883132325 ], [ -65.197690076249543, -21.03962771902707 ], [ -65.197396360065881, -21.03912377870213 ], [ -65.197293489052882, -21.038617369283813 ], [ -65.197159775489268, -21.038177066375244 ], [ -65.196994606373622, -21.037761063442272 ], [ -65.197051649520972, -21.037312320591752 ], [ -65.197428515673536, -21.036978909934735 ], [ -65.197742204106575, -21.036676183478288 ], [ -65.197831051534862, -21.036227028070986 ], [ -65.197697252464593, -21.035780752806005 ], [ -65.197341683279888, -21.035397080057773 ], [ -65.197016607723469, -21.034923410318413 ], [ -65.196880184620255, -21.03429796596566 ], [ -65.196745513581618, -21.03379196679624 ], [ -65.196550734506403, -21.033525680069683 ], [ -65.196288841515809, -21.033021325750031 ], [ -65.196216035609709, -21.032395058170547 ], [ -65.196304011165466, -21.031886181015153 ], [ -65.196298320392174, -21.031497983036584 ], [ -65.196386733521337, -21.031018967198492 ], [ -65.196602807134354, -21.03056816907775 ], [ -65.196885118213856, -21.03029571628656 ], [ -65.197133432493345, -21.029874368643881 ], [ -65.197318572554536, -21.029483702967081 ], [ -65.197407419570141, -21.029034548292422 ], [ -65.197241387026097, -21.028558821841234 ], [ -65.196819162106792, -21.027966938262068 ], [ -65.196138649827503, -21.027115559454028 ], [ -65.195268103620592, -21.026320392001015 ], [ -65.194526971645047, -21.025672885139247 ], [ -65.193982356634493, -21.025411110610378 ], [ -65.193310962699883, -21.025180836279834 ], [ -65.192697499129224, -21.024561539510898 ], [ -65.192401648233229, -21.023908278997453 ], [ -65.192295315896786, -21.023162970843273 ], [ -65.192189857526358, -21.022477385768092 ], [ -65.192341889709994, -21.021997551607846 ], [ -65.192556655733867, -21.021457173051271 ], [ -65.192582344073514, -21.021038701849616 ], [ -65.192384533671571, -21.02056337856158 ], [ -65.19187218136662, -21.020331046532942 ], [ -65.191261365347714, -21.019890911003809 ], [ -65.190906288912331, -21.019537080029323 ], [ -65.190708048929338, -21.01903189153154 ], [ -65.190763801103174, -21.018493565214563 ], [ -65.191010371966286, -21.017952778383542 ], [ -65.19100295380251, -21.017445131422988 ], [ -65.190900126212284, -21.016938715031827 ], [ -65.190511945975004, -21.016495707047138 ], [ -65.190023999376834, -21.015755311247197 ], [ -65.189410155476736, -21.015106136196099 ], [ -65.189051607929187, -21.01451340721513 ], [ -65.188632945138792, -21.014160388465967 ], [ -65.188373732079825, -21.013835184020166 ], [ -65.188302283977521, -21.013298493243553 ], [ -65.188741412917821, -21.012874701169686 ], [ -65.18889170692492, -21.012275422700608 ], [ -65.189075544507247, -21.011795181320423 ], [ -65.18970024598967, -21.011010592356708 ], [ -65.190167241720303, -21.010317633157623 ], [ -65.190700017448151, -21.009773163395216 ], [ -65.190978814419978, -21.009261830118952 ], [ -65.191034564908932, -21.008723502175304 ], [ -65.190898637122373, -21.008127908687133 ], [ -65.191015808994635, -21.007439453009717 ], [ -65.191135336150325, -21.006912251341458 ], [ -65.191513454817354, -21.006668443420995 ], [ -65.191668532105169, -21.006397640481904 ], [ -65.191693352344103, -21.005919444427747 ], [ -65.191365751239644, -21.005266586637205 ], [ -65.190876097598206, -21.004406742676675 ], [ -65.190422609733801, -21.003845103351825 ], [ -65.190188675343734, -21.003071567705536 ], [ -65.189986542598788, -21.002297620432113 ], [ -65.189881118776967, -21.001612030813916 ], [ -65.189772210568705, -21.000687546730109 ], [ -65.190236999667974, -20.999845282962834 ], [ -65.190642980276792, -20.99933231397976 ], [ -65.190923070009333, -20.998910565990336 ], [ -65.191555999503663, -20.998693345218719 ], [ -65.191996388081705, -20.9983591350538 ], [ -65.192278653040219, -20.998086694194118 ], [ -65.192367943553307, -20.997667402064199 ], [ -65.192077828470374, -20.997402333786262 ], [ -65.191786842301312, -20.997077542391516 ], [ -65.192031201069241, -20.996387448919307 ], [ -65.192339154344438, -20.995696535517531 ], [ -65.19271244676284, -20.995124249307867 ], [ -65.192483316704056, -20.994679193018751 ], [ -65.192034216881794, -20.994416172282122 ], [ -65.191807705917157, -20.994150284370203 ], [ -65.191484057033819, -20.993766177010627 ], [ -65.191444848139838, -20.993258938652016 ], [ -65.191725361617387, -20.992867053178664 ], [ -65.192167478423102, -20.99265228852536 ], [ -65.192704900761967, -20.992430322371884 ], [ -65.192890016373951, -20.992039663925816 ], [ -65.193045951056135, -20.991828584403926 ], [ -65.193072513414705, -20.991469834869026 ], [ -65.192683529438426, -20.990967102433974 ], [ -65.192515384677947, -20.990342057424517 ], [ -65.192507534853036, -20.989804547340313 ], [ -65.192340264700888, -20.989239223521928 ], [ -65.19201575507067, -20.988795393489955 ], [ -65.191691683361213, -20.988381424822137 ], [ -65.191522674321845, -20.987696652258666 ], [ -65.191511779633331, -20.986950110862335 ], [ -65.191724331279843, -20.986260427974216 ], [ -65.191998294973104, -20.985420617537859 ], [ -65.192243074472259, -20.984760386804734 ], [ -65.192329744728667, -20.984161925014771 ], [ -65.191967786193956, -20.983330301559004 ], [ -65.191479520774038, -20.98256003602393 ], [ -65.190769563518742, -20.981852355976319 ], [ -65.189551322078358, -20.98118107649292 ], [ -65.188431957669721, -20.980747455063277 ], [ -65.187404939536194, -20.980103567681308 ], [ -65.187304250211739, -20.979740479544603 ], [ -65.187512030743747, -20.978722321266051 ], [ -65.187566054765497, -20.978064545401359 ], [ -65.187684971935624, -20.977495537433882 ], [ -65.187962861010163, -20.976924488868971 ], [ -65.188245097950812, -20.976652056385163 ], [ -65.188718534618573, -20.976407034322939 ], [ -65.189223328475791, -20.976131740766274 ], [ -65.189282566070716, -20.975832306479965 ], [ -65.189115329504276, -20.975266976473367 ], [ -65.188629717563444, -20.974675869975613 ], [ -65.188527376752475, -20.974199306318745 ], [ -65.188482535982786, -20.97330386215717 ], [ -65.188533076927001, -20.972407192309294 ], [ -65.188523509297539, -20.971750233291363 ], [ -65.18841725842185, -20.971004913836531 ], [ -65.188031391837427, -20.970711196397207 ], [ -65.187586720766305, -20.970746774619453 ], [ -65.187013139843771, -20.970664536758346 ], [ -65.186500972524286, -20.97043217076277 ], [ -65.186269732658644, -20.969837790943796 ], [ -65.186164363647833, -20.969152192472219 ], [ -65.186251055688416, -20.968553732772136 ], [ -65.186500184919581, -20.968192127204421 ], [ -65.186489395903308, -20.96788761784838 ], [ -65.186293861880202, -20.967561584634655 ], [ -65.185717688397929, -20.96730017156079 ], [ -65.184850608192249, -20.96671394307474 ], [ -65.18430406194085, -20.966302805841316 ], [ -65.183946104331369, -20.96573991346532 ], [ -65.183871675105507, -20.964994180893953 ], [ -65.184083807445219, -20.964274642391068 ], [ -65.184553743680624, -20.963790740694591 ], [ -65.185024545174372, -20.963366559661402 ], [ -65.185367309991662, -20.962884285501421 ], [ -65.185712242292681, -20.962551319801776 ], [ -65.185896480105569, -20.962100945962177 ], [ -65.185826385195725, -20.961653833690178 ], [ -65.18543664288346, -20.96109134979217 ], [ -65.184695899245114, -20.960443763555244 ], [ -65.184054873337942, -20.960093569662028 ], [ -65.183415149079948, -20.95983295947903 ], [ -65.182711412277968, -20.959543298159808 ], [ -65.181683270635773, -20.95880977517222 ], [ -65.18123083590848, -20.958307817748285 ], [ -65.181092412746338, -20.957533033532851 ], [ -65.181079421580151, -20.956637174499889 ], [ -65.180688411520777, -20.955985091448209 ], [ -65.180009996954567, -20.955247081216282 ], [ -65.179333058526666, -20.954610597315895 ], [ -65.178853613002858, -20.954437520487971 ], [ -65.178312318857721, -20.954384703110925 ], [ -65.177772321577734, -20.954421470018332 ], [ -65.177463499428399, -20.955052634234697 ], [ -65.176965662408804, -20.955805682664675 ], [ -65.176750908689087, -20.956346040681545 ], [ -65.176118557660942, -20.956593055142289 ], [ -65.175193177680271, -20.956365925945914 ], [ -65.174421141663387, -20.955748556205442 ], [ -65.174191702477316, -20.955273600474619 ], [ -65.174463137251863, -20.954254638485434 ], [ -65.175183943397514, -20.953528620616165 ], [ -65.175682216280336, -20.952805439346484 ], [ -65.176246654893333, -20.952260619279937 ], [ -65.176586834869113, -20.951599189108002 ], [ -65.176641340502115, -20.950971273194639 ], [ -65.176631835539126, -20.950314308058413 ], [ -65.1756987229017, -20.949549659481427 ], [ -65.174768208961211, -20.94896417697014 ], [ -65.173650852654646, -20.948649881577836 ], [ -65.17288188162162, -20.9482415352945 ], [ -65.172281666043006, -20.948069976816615 ], [ -65.171806128442412, -20.948165637604184 ], [ -65.171145026363007, -20.948622071534583 ], [ -65.170709028982799, -20.949254844192616 ], [ -65.170144579516204, -20.949799647605513 ], [ -65.169450814948192, -20.950196756807141 ], [ -65.168974835928111, -20.950262548051288 ], [ -65.168367827602907, -20.950061195089685 ], [ -65.167599291805146, -20.949682686506314 ], [ -65.166993576300825, -20.949570914947291 ], [ -65.16642094166518, -20.949548323731804 ], [ -65.166039470599088, -20.949553170462817 ], [ -65.165456090852871, -20.948784018626011 ], [ -65.164996435391558, -20.947774350411109 ], [ -65.164791525302064, -20.946791315957018 ], [ -65.164495978163657, -20.946137975265874 ], [ -65.164010562083647, -20.945546780987446 ], [ -65.163083976374764, -20.945229989832736 ], [ -65.16225576268225, -20.945121021629429 ], [ -65.161499275387342, -20.945578629906809 ], [ -65.160515976661742, -20.945740429099544 ], [ -65.159496600754508, -20.945604002164931 ], [ -65.1589239799398, -20.945581384467779 ], [ -65.158197554851853, -20.945919125713448 ], [ -65.15814768140342, -20.946875529367659 ], [ -65.158669154235483, -20.947764964813508 ], [ -65.159034258074001, -20.948835586045703 ], [ -65.159233563102731, -20.949430418921537 ], [ -65.15898953388232, -20.950150338438359 ], [ -65.158334377475882, -20.951024800787536 ], [ -65.157738082327214, -20.951569970591212 ], [ -65.157318834484798, -20.951956390455358 ], [ -65.15697789317754, -20.952304782101447 ], [ -65.156778547561032, -20.952594036635254 ], [ -65.156848078136974, -20.953185735616771 ], [ -65.157076813968075, -20.953526918656205 ], [ -65.157305551591705, -20.953868102178458 ], [ -65.157369603846064, -20.954077562045637 ], [ -65.157294524658965, -20.954518166931742 ], [ -65.157056677306755, -20.954960832911638 ], [ -65.156881510708345, -20.955517395888773 ], [ -65.156929603508729, -20.95603290416183 ], [ -65.157098127844478, -20.956432196290702 ], [ -65.157226509426025, -20.956870227552223 ], [ -65.157294949991439, -20.95738547759149 ], [ -65.157217676654113, -20.957673186676388 ], [ -65.156960246499779, -20.958169622504556 ], [ -65.156224419087764, -20.959364090006833 ], [ -65.155159747137006, -20.960333328855295 ], [ -65.154298254122452, -20.961280877980037 ], [ -65.153654546716126, -20.961805131208308 ], [ -65.152893952009094, -20.962694051761211 ], [ -65.152312368276498, -20.96329397777145 ], [ -65.151769012728479, -20.96372137966463 ], [ -65.151222646462145, -20.963938548085032 ], [ -65.150629296220771, -20.963716651402883 ], [ -65.150367096784151, -20.963170390268992 ], [ -65.150096701738676, -20.962050766432238 ], [ -65.149855501375555, -20.96119361174966 ], [ -65.149614646573042, -20.960360347394435 ], [ -65.149602352820892, -20.95950030455759 ], [ -65.149669773723744, -20.958878200610467 ], [ -65.149990500587734, -20.958181218665693 ], [ -65.150361750292404, -20.957459703913962 ], [ -65.150530216069981, -20.956788535431894 ], [ -65.150235426900508, -20.955740902093417 ], [ -65.149740597289551, -20.954934733551834 ], [ -65.149040266195769, -20.953987788471359 ], [ -65.148524793928814, -20.953516397594235 ], [ -65.147581409481305, -20.953361022948823 ], [ -65.146870668358744, -20.953465553116303 ], [ -65.14617083341561, -20.954334563874031 ], [ -65.145547287897344, -20.955202613246328 ], [ -65.144392029473067, -20.956244610147767 ], [ -65.143494151088305, -20.957498413970626 ], [ -65.142875344377202, -20.958700918255126 ], [ -65.142232454769669, -20.959999299947224 ], [ -65.141998878193561, -20.961459798608299 ], [ -65.141841599886178, -20.962919338089499 ], [ -65.141454390574225, -20.964310082916477 ], [ -65.140996657403917, -20.964679029840113 ], [ -65.139954528968488, -20.964739909038652 ], [ -65.139294595210998, -20.964843773261322 ], [ -65.13876319156013, -20.96504159999153 ], [ -65.137870608105501, -20.964885538371355 ], [ -65.136620586733486, -20.964638376463022 ], [ -65.135622196285638, -20.964196896721308 ], [ -65.134340981534336, -20.963543900309521 ], [ -65.133464690920363, -20.962742458808737 ], [ -65.132685741348908, -20.961629162423062 ], [ -65.131854580382793, -20.96042093803986 ], [ -65.131305911591554, -20.959400333067787 ], [ -65.130605665661449, -20.958453304171034 ], [ -65.12985456280289, -20.957506905702797 ], [ -65.129268581174514, -20.95744254312309 ], [ -65.128922673675447, -20.957805282954578 ], [ -65.128347849115897, -20.958529299735886 ], [ -65.127767609907849, -20.958871070137942 ], [ -65.127237559603913, -20.959164420920519 ], [ -65.126611853166864, -20.959889068650963 ], [ -65.126117703128344, -20.96092270386918 ], [ -65.125646276751894, -20.96176489678006 ], [ -65.125147725586771, -20.962487954343835 ], [ -65.124601337245736, -20.963426658469043 ], [ -65.124181441113535, -20.964315995436795 ], [ -65.12417712348369, -20.96440062696384 ], [ -65.124121675452074, -20.965487578989841 ], [ -65.124336633044138, -20.96629731724456 ], [ -65.124826986097091, -20.966792991017641 ], [ -65.125034856222456, -20.967101029192474 ], [ -65.125119941932397, -20.96772122825163 ], [ -65.125025632133344, -20.968248087389366 ], [ -65.124673591316892, -20.968539213934811 ], [ -65.12390359911133, -20.968778202055649 ], [ -65.123070982020877, -20.969266472519809 ], [ -65.122055252639797, -20.969398600334738 ], [ -65.121140250300854, -20.969457782417617 ], [ -65.12060273429006, -20.969225528095389 ], [ -65.120062861244165, -20.968826035850533 ], [ -65.119600645362439, -20.968521155468196 ], [ -65.118787387114267, -20.968579060730029 ], [ -65.117827238091422, -20.969044996728172 ], [ -65.116740241147511, -20.969536400081505 ], [ -65.116109734190701, -20.969926548111761 ], [ -65.115507011717071, -20.970483612675853 ], [ -65.114899916126234, -20.970730097046285 ], [ -65.114290129649618, -20.970785455769203 ], [ -65.113397187805461, -20.970605376111209 ], [ -65.112855647658805, -20.970086407672369 ], [ -65.112314110482387, -20.969567437466939 ], [ -65.111394735633894, -20.969315990205327 ], [ -65.110477375614252, -20.969207882204191 ], [ -65.110046044245536, -20.96928968825452 ], [ -65.109061429085102, -20.969827565861092 ], [ -65.108464711099501, -20.970814638845482 ], [ -65.108047716056916, -20.971918961377607 ], [ -65.108414545959491, -20.972679056680654 ], [ -65.109384811934916, -20.972929888053763 ], [ -65.110453804523559, -20.972964437888727 ], [ -65.111655015157623, -20.973355763710618 ], [ -65.11232240262278, -20.973777595102089 ], [ -65.113171209133782, -20.974436122071282 ], [ -65.113769018594056, -20.975336705909136 ], [ -65.114422415445844, -20.976571123180538 ], [ -65.114792316584044, -20.977546215401599 ], [ -65.114837078270867, -20.978738006910522 ], [ -65.114475191877901, -20.980140342524745 ], [ -65.113839649773865, -20.981080127066495 ], [ -65.113163420829792, -20.981841203740526 ], [ -65.112097053365929, -20.98199780131695 ], [ -65.110868989952806, -20.981511237873303 ], [ -65.11016757391954, -20.980480507270364 ], [ -65.109274884388995, -20.979416299876512 ], [ -65.107472499818542, -20.978793451821016 ], [ -65.105789619944844, -20.978527529792341 ], [ -65.104371828269734, -20.978114945581886 ], [ -65.102573988485688, -20.977814568197914 ], [ -65.100847957625589, -20.977190703975438 ], [ -65.099678819334642, -20.976150022352325 ], [ -65.099418170705462, -20.97591800793786 ], [ -65.09936449402376, -20.974807555456909 ], [ -65.100041269715689, -20.974082366110192 ], [ -65.101019211445035, -20.973982705014997 ], [ -65.101641770396526, -20.973919257702033 ], [ -65.102678971060215, -20.974408251419099 ], [ -65.103739783198293, -20.973857519288515 ], [ -65.10460880943667, -20.973237465766083 ], [ -65.105019976855132, -20.972623066554668 ], [ -65.104781012574364, -20.971909172923638 ], [ -65.103984635062588, -20.970995484386759 ], [ -65.103850179059336, -20.970887056030115 ], [ -65.103238644263911, -20.970393892512657 ], [ -65.102905040489674, -20.969460420550366 ], [ -65.102248408467872, -20.968895045311886 ], [ -65.101328715791496, -20.968619652326236 ], [ -65.100182107922933, -20.96849041914944 ], [ -65.098999349313473, -20.968504993659892 ], [ -65.097740282309431, -20.968520499959258 ], [ -65.096828096267927, -20.968782624966106 ], [ -65.096606670934136, -20.969322987553969 ], [ -65.096618668867407, -20.970183058229814 ], [ -65.096554357694714, -20.971044069309183 ], [ -65.095845419119115, -20.972199750070885 ], [ -65.095212280163437, -20.973318654406324 ], [ -65.094657939882396, -20.974615800252884 ], [ -65.093913812522985, -20.975986962806648 ], [ -65.093009061466304, -20.976786617998155 ], [ -65.091795060420623, -20.977303325393798 ], [ -65.090269819921531, -20.977393735042714 ], [ -65.088852069451363, -20.976981017740208 ], [ -65.08746700387519, -20.976173618571398 ], [ -65.086308399383796, -20.975184220998724 ], [ -65.085677517103022, -20.973722398896928 ], [ -65.085582805663407, -20.972397382040981 ], [ -65.08575567532661, -20.97110493028659 ], [ -65.086583631285947, -20.970270410980952 ], [ -65.087448238772097, -20.969327912535519 ], [ -65.088311342633659, -20.968277900620951 ], [ -65.088527817889087, -20.9673791824708 ], [ -65.088701157796748, -20.966122566533901 ], [ -65.088571762739619, -20.965048874402093 ], [ -65.087984538295032, -20.963980792644715 ], [ -65.086781911021035, -20.962561817801692 ], [ -65.08517897111561, -20.961441640237737 ], [ -65.083909523799974, -20.960704470289695 ], [ -65.083371424515647, -20.960424306176876 ], [ -65.082418123638249, -20.960471799872646 ], [ -65.081433118731425, -20.960985629864169 ], [ -65.080947061136087, -20.961708419530027 ], [ -65.080311859381723, -20.962683928954952 ], [ -65.079520569140854, -20.963410441766428 ], [ -65.0783839130346, -20.963997792401482 ], [ -65.076714591121743, -20.964699155932177 ], [ -65.07541886821285, -20.964822470835554 ], [ -65.074155858685472, -20.964551104434264 ], [ -65.073418594146617, -20.963664004683764 ], [ -65.073090641368623, -20.962019222824839 ], [ -65.073381532745927, -20.960976240186149 ], [ -65.073331521239652, -20.960116619330694 ], [ -65.072899500097591, -20.959225802267763 ], [ -65.072127083494323, -20.958554179217465 ], [ -65.071173290857857, -20.958565771240231 ], [ -65.069957370007771, -20.958938969832626 ], [ -65.069352857223393, -20.959376425730227 ], [ -65.068988101455872, -20.9605995145319 ], [ -65.069087089013365, -20.962247088820561 ], [ -65.069598857585504, -20.96338784854904 ], [ -65.069921349043113, -20.964638434721444 ], [ -65.070286441151111, -20.966211087681785 ], [ -65.070191720658002, -20.967645954769647 ], [ -65.070023651745743, -20.969296770893539 ], [ -65.069432423483377, -20.970701825875302 ], [ -65.068667615256871, -20.971141229055572 ], [ -65.067712755010561, -20.971081134815957 ], [ -65.066833220354042, -20.970948435546713 ], [ -65.065875406675303, -20.970673308980551 ], [ -65.065036983801363, -20.97075515844913 ], [ -65.06344382481258, -20.971455478860417 ], [ -65.062352570131921, -20.972579825735874 ], [ -65.061713760415813, -20.973304419022284 ], [ -65.061539205298587, -20.97448935216153 ], [ -65.062058347087316, -20.976167689963045 ], [ -65.06272176364395, -20.977234948244831 ], [ -65.063160186697957, -20.978591671671925 ], [ -65.063244867347478, -20.979199976809504 ], [ -65.063215569218045, -20.979845504875058 ], [ -65.062769491136294, -20.980711140513208 ], [ -65.062199097051732, -20.980861419489184 ], [ -65.061052894576363, -20.980767765308425 ], [ -65.06036114330621, -20.980417706304443 ], [ -65.059597501599328, -20.980391099634105 ], [ -65.058373515801932, -20.980190838842578 ], [ -65.057609875280065, -20.980164223280021 ], [ -65.057194068613938, -20.980455991478266 ], [ -65.057162290470572, -20.980922334576924 ], [ -65.057093337101918, -20.981460814389081 ], [ -65.057292960326521, -20.98210357783605 ], [ -65.057643746086868, -20.982636985869163 ], [ -65.058492064768032, -20.98327190815608 ], [ -65.058765558159891, -20.983734561956901 ], [ -65.058891823867555, -20.984593268707176 ], [ -65.059095391361922, -20.98552272625373 ], [ -65.059222446587626, -20.986438771276234 ], [ -65.059045900799433, -20.987480353816469 ], [ -65.058714258388733, -20.988344597068046 ], [ -65.058495618483633, -20.989099943960809 ], [ -65.057965802640325, -20.989428936539614 ], [ -65.057167883106914, -20.989689480719857 ], [ -65.056222717503857, -20.990346074767778 ], [ -65.055504053537788, -20.99082071312035 ], [ -65.054484514634169, -20.991621567963801 ], [ -65.05373307148534, -20.992490869188195 ], [ -65.053359796835522, -20.993104705430731 ], [ -65.053180755082465, -20.993967098736139 ], [ -65.053420310975469, -20.994738419931789 ], [ -65.054038737125936, -20.995304447481498 ], [ -65.054164501727655, -20.996127321236017 ], [ -65.053946319258415, -20.996918501900542 ], [ -65.053684580980971, -20.997315933891347 ], [ -65.052887100874315, -20.997612299920696 ], [ -65.051963089392203, -20.997587599512478 ], [ -65.051086341678868, -20.997669853258383 ], [ -65.050366157532252, -20.998036962367756 ], [ -65.049572092712594, -20.998584174723405 ], [ -65.049082831571226, -20.999091870196846 ], [ -65.048403243981369, -20.999637697706074 ], [ -65.047759857458701, -21.000039716027125 ], [ -65.04676909116607, -21.000159165089716 ], [ -65.046078740641931, -20.999916563334303 ], [ -65.04569076181545, -20.999455266131015 ], [ -65.045153065629478, -20.999210826087271 ], [ -65.044546858032845, -20.999540699290879 ], [ -65.044288505255736, -21.000188981279614 ], [ -65.044333502993027, -21.0006902455134 ], [ -65.044277812896297, -21.001085189997845 ], [ -65.044097736679731, -21.001875904249292 ], [ -65.043996426334957, -21.002844887340128 ], [ -65.044157381841941, -21.003452288703023 ], [ -65.044544877553633, -21.003877751788554 ], [ -65.045044915372728, -21.004158488229209 ], [ -65.045962803606756, -21.004290826372909 ], [ -65.046683517711912, -21.003959570459337 ], [ -65.047325944567305, -21.003485880372047 ], [ -65.047896931910287, -21.003371480948786 ], [ -65.048700815119162, -21.003541019757119 ], [ -65.049547267548562, -21.004032630086016 ], [ -65.050241070716098, -21.004526074987684 ], [ -65.050857570012838, -21.004948762632527 ], [ -65.05135958228044, -21.005372828202098 ], [ -65.051559221964226, -21.006015595717635 ], [ -65.051575395078018, -21.007198222515377 ], [ -65.05139731553696, -21.008132290168756 ], [ -65.050985341748316, -21.00871074675722 ], [ -65.050416296978867, -21.008968507885456 ], [ -65.049117709347541, -21.008912467153387 ], [ -65.048395020595066, -21.009100386207219 ], [ -65.04725104630397, -21.009185844369917 ], [ -65.046219121602263, -21.009090729235318 ], [ -65.04548860932357, -21.008705238898049 ], [ -65.044682258303396, -21.008356500963334 ], [ -65.044072595503167, -21.008435513993575 ], [ -65.043546585356935, -21.009051167756311 ], [ -65.042957358709316, -21.009509868119903 ], [ -65.042506694711406, -21.010052928334886 ], [ -65.041795210546994, -21.011065079463592 ], [ -65.041351367250229, -21.012109860411726 ], [ -65.041018116112753, -21.012866567167528 ], [ -65.040682909956743, -21.013479924496924 ], [ -65.04053658295301, -21.013947641693509 ], [ -65.040274293679985, -21.014309220914249 ], [ -65.039778128853925, -21.01431517171417 ], [ -65.039277089102256, -21.013962746534258 ], [ -65.038585220028693, -21.013612608612611 ], [ -65.037859570270854, -21.013585460246574 ], [ -65.037326214483272, -21.01366353563856 ], [ -65.036145485869156, -21.013856891516877 ], [ -65.03519229337806, -21.013939985755272 ], [ -65.034125572339335, -21.014096120076605 ], [ -65.033364668015139, -21.014284434083116 ], [ -65.032378160821565, -21.014726345514966 ], [ -65.031657360436839, -21.015057548138103 ], [ -65.031162645724265, -21.015170986047295 ], [ -65.030519629697054, -21.015608784225719 ], [ -65.029880491416336, -21.016333282625382 ], [ -65.029428788703385, -21.016804636617202 ], [ -65.028899778486206, -21.017205227162602 ], [ -65.02809874365046, -21.017250623932433 ], [ -65.027181751482502, -21.017189869931684 ], [ -65.026487952234632, -21.01669633003344 ], [ -65.026058425199963, -21.015984579193233 ], [ -65.025966112305511, -21.014802843352058 ], [ -65.026335192759163, -21.013866515752166 ], [ -65.026898974442503, -21.013214616511434 ], [ -65.027773899750528, -21.012989127717656 ], [ -65.028800517116181, -21.012690138650218 ], [ -65.029671070682852, -21.012142101395078 ], [ -65.030651263104758, -21.01123431839936 ], [ -65.031401477487933, -21.010257589021005 ], [ -65.032108177137147, -21.008887099631593 ], [ -65.032323575044131, -21.00788091176463 ], [ -65.032159748915021, -21.00705846993138 ], [ -65.031694490255461, -21.006526375716973 ], [ -65.030391550876814, -21.006147650974466 ], [ -65.029551441436283, -21.006121832068075 ], [ -65.028376570131414, -21.006745181035541 ], [ -65.027281409510366, -21.007618478428398 ], [ -65.026188657489953, -21.008670956820524 ], [ -65.024866893628683, -21.009726155236184 ], [ -65.023433031159726, -21.010961896975068 ], [ -65.022260993635371, -21.011800235033967 ], [ -65.02182232254016, -21.013239191373593 ], [ -65.021575929033943, -21.014783392916918 ], [ -65.021640670469139, -21.016754018705051 ], [ -65.022313205167819, -21.018502356697347 ], [ -65.0229023598895, -21.019728365137684 ], [ -65.023102874758706, -21.020442850834542 ], [ -65.02372615068505, -21.021367365079691 ], [ -65.025197866889343, -21.022926954697692 ], [ -65.026433812680708, -21.023987532931624 ], [ -65.027361027159159, -21.024800878015554 ], [ -65.027830213792626, -21.025619680829212 ], [ -65.027915281868104, -21.026263848033135 ], [ -65.027582419262657, -21.027056373481955 ], [ -65.02705579341648, -21.027636147709547 ], [ -65.02652383281125, -21.027821706917486 ], [ -65.025682631566582, -21.027724201711425 ], [ -65.024874759025735, -21.027267860856789 ], [ -65.024209517562241, -21.026630601197603 ], [ -65.023743249241519, -21.0260268132165 ], [ -65.023163926799768, -21.025531900317542 ], [ -65.022515523367773, -21.025575458548492 ], [ -65.021675786046274, -21.025585446320726 ], [ -65.020869868800503, -21.025272434650184 ], [ -65.020441304723533, -21.024632345189275 ], [ -65.020315684922764, -21.023809436964985 ], [ -65.020228720326443, -21.023021912701882 ], [ -65.019833505783254, -21.022022988106659 ], [ -65.019441193702164, -21.021239089828626 ], [ -65.018822770631274, -21.020672935771987 ], [ -65.017673368202722, -21.020363986352244 ], [ -65.016718668363367, -21.020339467132271 ], [ -65.015884258249784, -21.020743640283786 ], [ -65.015046472119906, -21.020896945298428 ], [ -65.014594225141238, -21.021332427117532 ], [ -65.014223610961892, -21.022161221736514 ], [ -65.013779543252355, -21.023205947475489 ], [ -65.013677551883404, -21.024139090303155 ], [ -65.013927277234117, -21.025677409052303 ], [ -65.014058162554548, -21.026894541221427 ], [ -65.013839253858663, -21.027649850793118 ], [ -65.013357480707896, -21.028730865888132 ], [ -65.012908095402636, -21.029381373197722 ], [ -65.01207025706691, -21.029534667371532 ], [ -65.011077807105508, -21.029546411991319 ], [ -65.010191274578091, -21.029485210441834 ], [ -65.00904085342404, -21.029104529727295 ], [ -65.008310319185185, -21.028718881090779 ], [ -65.007351723783103, -21.028407609472126 ], [ -65.006471873232456, -21.028274621185123 ], [ -65.005632591743932, -21.028320369161001 ], [ -65.004865335792474, -21.028042668928379 ], [ -65.004019344762384, -21.027586675253158 ], [ -65.003251138321971, -21.027237291225308 ], [ -65.002521584390365, -21.026923292305938 ], [ -65.001296292765446, -21.026650969309141 ], [ -65.000569137119768, -21.026516153029888 ], [ -64.999688821893415, -21.026347289960075 ], [ -64.999298031091286, -21.025670852792693 ], [ -64.999363376351596, -21.024845674387894 ], [ -64.999542274861696, -21.023947473643023 ], [ -65.000184470015711, -21.023438106317453 ], [ -65.00075271241424, -21.023108826425485 ], [ -65.001436417315446, -21.022849872519743 ], [ -65.0031329797458, -21.021252766187178 ], [ -65.004034668308606, -21.020166827609359 ], [ -65.004561845236552, -21.019622956559246 ], [ -65.004781753486952, -21.018939331324876 ], [ -65.004808419439854, -21.018078765700015 ], [ -65.00460416158927, -21.01707754695547 ], [ -65.004134648380628, -21.01622282837371 ], [ -65.003589761929348, -21.015440683311564 ], [ -65.002853565608049, -21.014624945577005 ], [ -65.002391248453918, -21.014307795022681 ], [ -65.001396981035967, -21.014176120555746 ], [ -65.000786301422366, -21.014183305577586 ], [ -64.999835937615757, -21.014481233142241 ], [ -64.999501029883163, -21.015130360291462 ], [ -64.999326437549996, -21.016351105893261 ], [ -64.999725324742684, -21.017636797436502 ], [ -64.99977783377534, -21.018711496516207 ], [ -64.99956268252015, -21.0197534997261 ], [ -64.998923846357144, -21.020513731348888 ], [ -64.998507807590514, -21.020805372982775 ], [ -64.997627527503937, -21.020636497267294 ], [ -64.996667569282792, -21.020217644156045 ], [ -64.99536409534231, -21.019802816150555 ], [ -64.994294884820164, -21.019779514676067 ], [ -64.992958967680877, -21.019795176846085 ], [ -64.992385954616523, -21.019766046795851 ], [ -64.99196133321928, -21.019412580643507 ], [ -64.991760013463164, -21.018626370559126 ], [ -64.992011958817812, -21.017476410683969 ], [ -64.992532029851901, -21.016394998188481 ], [ -64.992520124923089, -21.015499036663059 ], [ -64.99273960854056, -21.014779584907245 ], [ -64.99272675001852, -21.013811947443457 ], [ -64.992484888614342, -21.012846991302126 ], [ -64.99239855633077, -21.012095278302699 ], [ -64.992391414302816, -21.011557701138791 ], [ -64.9921500371197, -21.010628582482642 ], [ -64.99153175435444, -21.010062317169218 ], [ -64.990757957270191, -21.009282804666455 ], [ -64.989910687889875, -21.008719211470858 ], [ -64.988759520958396, -21.008266698554696 ], [ -64.987841630998716, -21.008134049696615 ], [ -64.986850732222109, -21.008253157582505 ], [ -64.985867422400887, -21.008945676665356 ], [ -64.985957040763523, -21.009948267042947 ], [ -64.986172078032723, -21.011773808343829 ], [ -64.986379052795854, -21.012990091638848 ], [ -64.98647152689334, -21.014207712452414 ], [ -64.986484345769753, -21.015175354271868 ], [ -64.985997652711248, -21.015897919823143 ], [ -64.985080664981453, -21.015836936136644 ], [ -64.984242861020689, -21.01599008953503 ], [ -64.983440850975569, -21.015963600077104 ], [ -64.982903176518278, -21.015718960410997 ], [ -64.981757181166358, -21.015660629337543 ], [ -64.98069130896306, -21.015888109965086 ], [ -64.980042445519032, -21.015895665304058 ], [ -64.979356359949804, -21.015975339483671 ], [ -64.978637307527734, -21.016449680904017 ], [ -64.978302301436869, -21.017098774053213 ], [ -64.977275999163851, -21.017433307245696 ], [ -64.976703938446263, -21.017475802370519 ], [ -64.975937254018589, -21.017233801507174 ], [ -64.975482896541308, -21.016937987513174 ], [ -64.975173297191375, -21.01661898436118 ], [ -64.974483429369926, -21.016411929586464 ], [ -64.973838807937184, -21.016742010381734 ], [ -64.973655510917041, -21.017317646727214 ], [ -64.973357464139966, -21.017710633086541 ], [ -64.972747472967995, -21.017937536066171 ], [ -64.972218763328243, -21.018373800039225 ], [ -64.971806914280123, -21.018987929563789 ], [ -64.97097331327619, -21.019463568920411 ], [ -64.97040500873257, -21.019792754670039 ], [ -64.969917280939299, -21.020443603848239 ], [ -64.969543586883574, -21.021057287061048 ], [ -64.969362624256931, -21.021812114470521 ], [ -64.969371099387843, -21.022457214912496 ], [ -64.969912548251955, -21.022988608434396 ], [ -64.970865410688432, -21.022846917490281 ], [ -64.971633516884481, -21.023219571695272 ], [ -64.972740930843642, -21.023242571535864 ], [ -64.973733834218379, -21.023266893362905 ], [ -64.974265387522252, -21.023045656577381 ], [ -64.974992040589825, -21.023144751106248 ], [ -64.97537421670539, -21.02317615531561 ], [ -64.976026420314668, -21.023419486737826 ], [ -64.976571202487662, -21.02420172864916 ], [ -64.977001005327637, -21.024949460010827 ], [ -64.977351635872353, -21.025483046536532 ], [ -64.977433651617488, -21.025912223644593 ], [ -64.977595320884234, -21.026591383538097 ], [ -64.977448121892522, -21.027008888925788 ], [ -64.976883933905953, -21.02696771435793 ], [ -64.975999029421246, -21.027133269721318 ], [ -64.975503273524708, -21.027174876037172 ], [ -64.974735596669817, -21.026861196558922 ], [ -64.974351994929876, -21.026722274084332 ], [ -64.973706858157144, -21.027016519064688 ], [ -64.972715817859651, -21.027135554841209 ], [ -64.971873216780835, -21.026930263537174 ], [ -64.971334102763834, -21.026578073458772 ], [ -64.97094767621472, -21.026224110031386 ], [ -64.969878881713086, -21.026236496834311 ], [ -64.96881385240134, -21.026535588405153 ], [ -64.967974081739044, -21.02654531099412 ], [ -64.967364751067578, -21.026659896550985 ], [ -64.96641657743497, -21.027136844263076 ], [ -64.965775652682879, -21.02775361152386 ], [ -64.965218116534373, -21.028907077804845 ], [ -64.964654933003303, -21.029630476727263 ], [ -64.964049814255361, -21.03006760207759 ], [ -64.96358070331614, -21.03039562181041 ], [ -64.962819600427451, -21.03058363341831 ], [ -64.962206963526341, -21.03044732815663 ], [ -64.961554276639959, -21.030168106331331 ], [ -64.96082618621368, -21.02996143875481 ], [ -64.960362959389698, -21.029572492053045 ], [ -64.96001284558902, -21.029074706769688 ], [ -64.959893173000836, -21.028681796306053 ], [ -64.960152408207122, -21.028069451903171 ], [ -64.960528970304125, -21.027670819692656 ], [ -64.960790076742867, -21.027201830365811 ], [ -64.960857980285013, -21.026555846396381 ], [ -64.96077413488733, -21.025983300906486 ], [ -64.960576245661073, -21.025447915986568 ], [ -64.960376951077833, -21.024805012733868 ], [ -64.960294046499115, -21.024304145597956 ], [ -64.960019820514717, -21.023769639130716 ], [ -64.959483554249815, -21.023632442617632 ], [ -64.959136737713749, -21.023385527046972 ], [ -64.958638643485486, -21.023247886571557 ], [ -64.958031656738356, -21.023541634367518 ], [ -64.957465177969127, -21.024014135944601 ], [ -64.956818610989487, -21.024200800894373 ], [ -64.956361493234382, -21.02427775056351 ], [ -64.955911390921926, -21.024892286396337 ], [ -64.955498521627206, -21.025434704174845 ], [ -64.954891519136382, -21.025728442141737 ], [ -64.954592223396943, -21.026197861796064 ], [ -64.954487990702859, -21.026987641976245 ], [ -64.95449593611707, -21.027596908582542 ], [ -64.954617931676125, -21.028169019616392 ], [ -64.954511361307951, -21.028779602579235 ], [ -64.954517438861814, -21.029245512986989 ], [ -64.954179963085977, -21.029715371439266 ], [ -64.953957471340104, -21.030219753922069 ], [ -64.953890005739368, -21.030901575925608 ], [ -64.953901689385887, -21.03179755701494 ], [ -64.954102371382319, -21.032547986006094 ], [ -64.954263010895531, -21.033155496641257 ], [ -64.954270491067362, -21.033728923945166 ], [ -64.953805053384485, -21.033755782379838 ], [ -64.953227778200244, -21.033403971363075 ], [ -64.952574158611498, -21.033053034395586 ], [ -64.951691501264065, -21.032704726280965 ], [ -64.951153339576592, -21.032424146996796 ], [ -64.950618447505633, -21.032394442203536 ], [ -64.949852650306653, -21.032224005768935 ], [ -64.949317292247002, -21.032158456745371 ], [ -64.948672075790384, -21.032452611501004 ], [ -64.948027789387169, -21.032818444282167 ], [ -64.947347654263496, -21.03336390839744 ], [ -64.947319263244196, -21.034116971752496 ], [ -64.947329978417983, -21.034941276263371 ], [ -64.947607913409541, -21.035762519083395 ], [ -64.947960802181328, -21.036475367772976 ], [ -64.948465460734042, -21.037114786921151 ], [ -64.948968723555438, -21.037646684927548 ], [ -64.949207566594254, -21.038396683688685 ], [ -64.949331886070595, -21.039147995104038 ], [ -64.949454342234432, -21.039755948741536 ], [ -64.949767208990693, -21.040325872562967 ], [ -64.950193670263019, -21.040822802969853 ], [ -64.950390616163034, -21.041286523086921 ], [ -64.950396217031383, -21.04171659433003 ], [ -64.950014926928702, -21.041756814847318 ], [ -64.949514911166077, -21.041475795158803 ], [ -64.948326803498034, -21.04113097708326 ], [ -64.94713543947357, -21.040535273969933 ], [ -64.946556752405783, -21.040075923335387 ], [ -64.946210380064954, -21.039864822737982 ], [ -64.945865405886153, -21.039761239646218 ], [ -64.945520431117984, -21.039657655084174 ], [ -64.945095848619118, -21.039304069721727 ], [ -64.944972945609749, -21.038660270716761 ], [ -64.944737847175091, -21.038196981166877 ], [ -64.944199676293977, -21.037916380451836 ], [ -64.943700612633677, -21.037707020645801 ], [ -64.943240190851526, -21.037533063189521 ], [ -64.94289754740015, -21.037608670364985 ], [ -64.942636366865514, -21.038077637882449 ], [ -64.942257406689833, -21.038297038251958 ], [ -64.941720633252771, -21.038123947979003 ], [ -64.9412979222719, -21.037913708914285 ], [ -64.940839824131587, -21.037918940801372 ], [ -64.940533031661772, -21.037814911222515 ], [ -64.940487892543445, -21.037277754350587 ], [ -64.940669478118693, -21.036558785067257 ], [ -64.941004691039126, -21.035909751374056 ], [ -64.942067068212808, -21.035395788587159 ], [ -64.942636893360074, -21.035174207081695 ], [ -64.943619191226901, -21.03437439306424 ], [ -64.94376537715452, -21.033870894353363 ], [ -64.943531219915016, -21.03347928017914 ], [ -64.943370621301966, -21.032871755450671 ], [ -64.943704884177066, -21.032151039202152 ], [ -64.944042399935554, -21.031681197093359 ], [ -64.944412038999062, -21.030745005637161 ], [ -64.944479084418035, -21.030027344394679 ], [ -64.944358985363692, -21.02959858105433 ], [ -64.944122043420208, -21.028991930704834 ], [ -64.94392374202738, -21.028420681671506 ], [ -64.943915374519008, -21.027775571447329 ], [ -64.944288727105786, -21.027126096768438 ], [ -64.945121070670311, -21.026543059680371 ], [ -64.945340332321905, -21.025787811418173 ], [ -64.945066154092586, -21.025253277055928 ], [ -64.944640221694755, -21.024792167964463 ], [ -64.944328341151575, -21.024293907946387 ], [ -64.943906132559391, -21.024119511941642 ], [ -64.943257219072038, -21.024126928923213 ], [ -64.942189815168959, -21.0242466597057 ], [ -64.941396571863805, -21.024900925286321 ], [ -64.940757863945649, -21.02569680329152 ], [ -64.940157786671506, -21.026528082266385 ], [ -64.939401766296228, -21.027110225443071 ], [ -64.938487951388964, -21.027299872178229 ], [ -64.937263196179444, -21.027062918420469 ], [ -64.935962098946689, -21.026826824767085 ], [ -64.935197266503906, -21.026727998230584 ], [ -64.934166617470439, -21.026739726343127 ], [ -64.933334688511977, -21.027358553066247 ], [ -64.9328072081682, -21.027902225038073 ], [ -64.932425482426851, -21.027906563936114 ], [ -64.931967412096142, -21.02791177061868 ], [ -64.931513498561898, -21.028239532163397 ], [ -64.931178258927005, -21.028888550409729 ], [ -64.930841630147086, -21.029430048513483 ], [ -64.930348151795215, -21.029650722818982 ], [ -64.929857903111568, -21.030122273088203 ], [ -64.929247592576885, -21.030165045927699 ], [ -64.928636821823204, -21.030171976788917 ], [ -64.928147027373655, -21.030679362994672 ], [ -64.927888575725831, -21.031363349521648 ], [ -64.927321043198191, -21.031764079485974 ], [ -64.92686664699373, -21.032055991900172 ], [ -64.926582701723618, -21.032539533916474 ], [ -64.926242361943309, -21.032794306555314 ], [ -64.926097960372118, -21.033441152663428 ], [ -64.926072227132366, -21.034409259647081 ], [ -64.926004632628789, -21.035091081354206 ], [ -64.925822514043688, -21.03577419995278 ], [ -64.925679490823683, -21.036528566201735 ], [ -64.925576023613587, -21.037390018888207 ], [ -64.92577657617214, -21.038140491650079 ], [ -64.925936649875013, -21.038712196752165 ], [ -64.926023140844052, -21.039499806939297 ], [ -64.925916910133836, -21.040146220461427 ], [ -64.925509416763475, -21.041118654135236 ], [ -64.92497955899573, -21.041483107483614 ], [ -64.9244897168291, -21.041990486690317 ], [ -64.924009540994319, -21.043250499674699 ], [ -64.923871110124054, -21.044363262869602 ], [ -64.923882162658927, -21.045223417956976 ], [ -64.923815018408746, -21.04594107901519 ], [ -64.923937746979092, -21.046577729909455 ], [ -64.924175564618551, -21.047256091363817 ], [ -64.924300232422979, -21.048043268302315 ], [ -64.924196294522361, -21.048868881505452 ], [ -64.924395017080855, -21.049475995704753 ], [ -64.924744611963305, -21.049938018986953 ], [ -64.925057413514622, -21.050507993615685 ], [ -64.925332960644354, -21.051150080366593 ], [ -64.925341719532398, -21.051831034837484 ], [ -64.925275504933211, -21.05262037447617 ], [ -64.924861527375384, -21.053091050907739 ], [ -64.924105317260384, -21.053673138767863 ], [ -64.923460875443922, -21.054038888962911 ], [ -64.92270465338143, -21.0546209719754 ], [ -64.922292965819466, -21.05527084194291 ], [ -64.921690374056453, -21.055922871606935 ], [ -64.920973237109422, -21.05657619574837 ], [ -64.920142012175518, -21.057266652012466 ], [ -64.919919367504775, -21.057771000085523 ], [ -64.919582640762101, -21.058312482338387 ], [ -64.919274341240168, -21.058688754750808 ], [ -64.918632163611548, -21.059233688388666 ], [ -64.917105847817894, -21.059322617738722 ], [ -64.914812239888832, -21.059133427809613 ], [ -64.913893605930369, -21.05896455853058 ], [ -64.912404550919632, -21.058981335233138 ], [ -64.911519063298414, -21.058417783568679 ], [ -64.910481775752473, -21.057927624234232 ], [ -64.909329950972094, -21.057438746508648 ], [ -64.908603148337093, -21.057339381649832 ], [ -64.908025870610928, -21.056987417327278 ], [ -64.907255407164968, -21.056458393511651 ], [ -64.906522217278379, -21.055857257211475 ], [ -64.905217243351174, -21.055334223897205 ], [ -64.903723658363049, -21.054992520343713 ], [ -64.902576796143393, -21.054890667023802 ], [ -64.901238216956429, -21.054726431124351 ], [ -64.900013722580852, -21.05452506229258 ], [ -64.899291030829929, -21.054748218106507 ], [ -64.898455615260644, -21.055116012054672 ], [ -64.897696554243183, -21.055482949945603 ], [ -64.896667502176115, -21.055637828138032 ], [ -64.895556637856814, -21.055363467003819 ], [ -64.894637133120796, -21.055122809302265 ], [ -64.893650793164994, -21.055635646772732 ], [ -64.892704893883902, -21.056327254771354 ], [ -64.891639912268687, -21.056661730372618 ], [ -64.89056949133446, -21.056566114022335 ], [ -64.889579958727083, -21.056828045098982 ], [ -64.88893947998065, -21.057516235210468 ], [ -64.888306685051901, -21.058813712068183 ], [ -64.888087094996891, -21.059568909912773 ], [ -64.887406154828042, -21.060078317351678 ], [ -64.886608406005095, -21.060409792785659 ], [ -64.885888823987514, -21.060883778625225 ], [ -64.88540149055855, -21.06160610205567 ], [ -64.884609147189522, -21.06236765517005 ], [ -64.884048599422997, -21.06334170707698 ], [ -64.884213067322833, -21.064271866302406 ], [ -64.884760273278886, -21.065269466637364 ], [ -64.885986200052201, -21.065578461503161 ], [ -64.887061207662853, -21.066032506850124 ], [ -64.888097584037837, -21.066451129128637 ], [ -64.888981686870338, -21.066907284459557 ], [ -64.889638050548172, -21.067473507370181 ], [ -64.890556721629224, -21.067642504425493 ], [ -64.892160432412979, -21.067624635060852 ], [ -64.893459127123577, -21.067646000278952 ], [ -64.894492805976981, -21.067849539321013 ], [ -64.895301928934657, -21.068414032943348 ], [ -64.895923773588947, -21.06926737677033 ], [ -64.896086960734706, -21.070089996802167 ], [ -64.896099231968137, -21.071057683974182 ], [ -64.895922851775182, -21.072206705332089 ], [ -64.89581602399933, -21.07281726935495 ], [ -64.895439627837774, -21.073251618065989 ], [ -64.894713205091591, -21.073188039390963 ], [ -64.893986783788279, -21.073124456439952 ], [ -64.893190345793784, -21.073563488130063 ], [ -64.892544828547472, -21.073857450624622 ], [ -64.891712011732224, -21.07444026247245 ], [ -64.890913293524434, -21.07470008177085 ], [ -64.890385494824699, -21.075243643434387 ], [ -64.890048168894054, -21.075749236336708 ], [ -64.889518552245207, -21.076149434646652 ], [ -64.888819375721837, -21.076429643009167 ], [ -64.888022450767352, -21.076832811945032 ], [ -64.887302798324882, -21.077306807957154 ], [ -64.886850447445227, -21.077777830749167 ], [ -64.886093957126974, -21.078359768618721 ], [ -64.885181098346379, -21.078656677286705 ], [ -64.884073687985506, -21.078668977220349 ], [ -64.883083546597746, -21.078895041960376 ], [ -64.882095205928351, -21.079264462753368 ], [ -64.881219166053938, -21.079453405890646 ], [ -64.880453174130608, -21.079282669138717 ], [ -64.879570821645785, -21.078969836324621 ], [ -64.878502043309268, -21.079017516717997 ], [ -64.877587361059568, -21.079171023981296 ], [ -64.876478591764098, -21.079075753567796 ], [ -64.875599845049706, -21.079049623228066 ], [ -64.874607885411962, -21.079132277183309 ], [ -64.873768222727023, -21.079177397085218 ], [ -64.872583979049892, -21.079154626062941 ], [ -64.871758332784893, -21.079099213656391 ], [ -64.871259658810359, -21.078925485675928 ], [ -64.870609135778977, -21.078825121577019 ], [ -64.869883584272742, -21.078833118665226 ], [ -64.869231716799362, -21.078625227210921 ], [ -64.868200669891593, -21.078636582915383 ], [ -64.867327744690172, -21.079076340931209 ], [ -64.86631101557515, -21.080234591416112 ], [ -64.865328879326043, -21.081105690115017 ], [ -64.864534094336477, -21.081687958871441 ], [ -64.863586551496368, -21.082271903369737 ], [ -64.86237123674141, -21.082822936014445 ], [ -64.86100137387038, -21.083232272370331 ], [ -64.859939687019008, -21.083853295305016 ], [ -64.859606249851296, -21.084681405242101 ], [ -64.858853177709179, -21.085549959335754 ], [ -64.85824973350725, -21.086165951189177 ], [ -64.857416703775542, -21.086748608450648 ], [ -64.856928262541103, -21.087399181655314 ], [ -64.856013052713635, -21.087516737056319 ], [ -64.855370953469333, -21.088097295196548 ], [ -64.854610274680155, -21.08835653643931 ], [ -64.853924639880773, -21.088507416198823 ], [ -64.853315827953693, -21.088693298687414 ], [ -64.852825582726268, -21.089200498291373 ], [ -64.852219876240653, -21.089637264935384 ], [ -64.851689213933312, -21.08996567282399 ], [ -64.851260063962215, -21.090472200687703 ], [ -64.850885266556517, -21.091049827217578 ], [ -64.850855514407627, -21.0917312249674 ], [ -64.850288870288423, -21.092239251466534 ], [ -64.850223144904717, -21.093100271575711 ], [ -64.850612160263026, -21.093669563058839 ], [ -64.851229437928112, -21.094164668665581 ], [ -64.852111392081582, -21.094441805365477 ], [ -64.853265581686799, -21.095110267079509 ], [ -64.854228376557046, -21.095744968944764 ], [ -64.854465983206708, -21.096423442111238 ], [ -64.854666735733716, -21.097209855919534 ], [ -64.854827962008642, -21.097889163540863 ], [ -64.854915476535396, -21.098784353145291 ], [ -64.855230368268209, -21.099533670856623 ], [ -64.855513305905788, -21.100785178755263 ], [ -64.855906373051809, -21.10167702336971 ], [ -64.856034765081091, -21.102786838885834 ], [ -64.856043677277754, -21.103503658033642 ], [ -64.856054818585747, -21.104399681765649 ], [ -64.856065514576116, -21.105259864334542 ], [ -64.85606952535791, -21.105582432733595 ], [ -64.855501515915932, -21.105982956143411 ], [ -64.854626166835487, -21.106243457624419 ], [ -64.853596257071942, -21.106362259833737 ], [ -64.852180842449727, -21.106198503149336 ], [ -64.850762320260586, -21.105783847748558 ], [ -64.849616493020051, -21.105796355073807 ], [ -64.848585247594983, -21.105807604543163 ], [ -64.847436757289898, -21.10560505071706 ], [ -64.846246527945013, -21.105116175502509 ], [ -64.845021214318649, -21.104878595600656 ], [ -64.843880703779661, -21.105321157417478 ], [ -64.843198516817992, -21.105758729524901 ], [ -64.841481538259586, -21.105920775246627 ], [ -64.840182925662532, -21.105934878399346 ], [ -64.838616068382251, -21.105880190027957 ], [ -64.837430714169031, -21.105785504795094 ], [ -64.836282672737326, -21.105618715006745 ], [ -64.835914511749408, -21.105217807225493 ], [ -64.835846214598405, -21.104781669984096 ], [ -64.835764493311018, -21.104259805779424 ], [ -64.8357775708497, -21.103061255576449 ], [ -64.836113556649707, -21.102487426002167 ], [ -64.836792896209857, -21.101633749822081 ], [ -64.837485913581034, -21.100537927478076 ], [ -64.83808935773807, -21.099348482449717 ], [ -64.838785210270487, -21.098537130899622 ], [ -64.839170100554597, -21.097729903618614 ], [ -64.839286444488067, -21.096141000512166 ], [ -64.83910224460989, -21.094366165490175 ], [ -64.838520789278235, -21.093783189160291 ], [ -64.83783940129041, -21.093482377163621 ], [ -64.836652188267763, -21.092958449956953 ], [ -64.835780923086276, -21.092800423765937 ], [ -64.834537587403233, -21.092706948969518 ], [ -64.833739582443783, -21.092772257755527 ], [ -64.832870362229599, -21.092826087614171 ], [ -64.831941727226933, -21.092995125369256 ], [ -64.830847471674247, -21.093323619858769 ], [ -64.830270428427625, -21.093531167678286 ], [ -64.829371701909679, -21.093656888706992 ], [ -64.828164096065379, -21.093528938520027 ], [ -64.82671171973908, -21.09336111404378 ], [ -64.826313738182392, -21.093280256765151 ], [ -64.825274113551956, -21.093207411656731 ], [ -64.824436216394631, -21.093318036102097 ], [ -64.823734449103142, -21.093341116524154 ], [ -64.822072484328032, -21.093462034359277 ], [ -64.820408091147002, -21.093411269597045 ], [ -64.819858495806784, -21.09340954184907 ], [ -64.819492266775939, -21.093408383473424 ], [ -64.818483859744958, -21.093335109791202 ], [ -64.817841507935171, -21.093242957920914 ], [ -64.817217244715792, -21.093350893865303 ], [ -64.815849669944626, -21.093782855844164 ], [ -64.814148177159069, -21.094347731171851 ], [ -64.813175141595195, -21.09461736762702 ], [ -64.812289622414809, -21.094599766801892 ], [ -64.811463526842203, -21.094466954169697 ], [ -64.810682216679936, -21.094262035229928 ], [ -64.810268772519066, -21.09416701892836 ], [ -64.809841878049525, -21.094200930256218 ], [ -64.808975656065272, -21.094469225657605 ], [ -64.808473666248346, -21.094589914013085 ], [ -64.807334557555478, -21.094990356148383 ], [ -64.806321153330401, -21.095646777860431 ], [ -64.805401853030133, -21.096717334926016 ], [ -64.804112031232634, -21.096807658713274 ], [ -64.801938971234364, -21.096452568493287 ], [ -64.800771698432385, -21.095922588951826 ], [ -64.799941368284721, -21.095615689277217 ], [ -64.79918725807336, -21.095310676924122 ], [ -64.798200470843341, -21.095143040182126 ], [ -64.797830473262138, -21.094740189937472 ], [ -64.797742350600984, -21.093807514866882 ], [ -64.79726609578529, -21.093115722600981 ], [ -64.797214067843655, -21.092255519362276 ], [ -64.797244300148321, -21.091182629983727 ], [ -64.797201339053217, -21.090000559087837 ], [ -64.797338835213978, -21.089180846969626 ], [ -64.797327932880549, -21.088214300125255 ], [ -64.797124482796491, -21.087314551699183 ], [ -64.79681276203857, -21.086197388379453 ], [ -64.796146001031616, -21.085500869338585 ], [ -64.794189909248047, -21.083197672619654 ], [ -64.793391925772625, -21.08174634287548 ], [ -64.792748388935564, -21.080227271225255 ], [ -64.791932280761074, -21.079419670194135 ], [ -64.790833539667176, -21.07781771233072 ], [ -64.790356573664567, -21.075801746174321 ], [ -64.79103075545946, -21.073528073246042 ], [ -64.791468235122466, -21.071534819128178 ], [ -64.791667009662532, -21.069893514326122 ], [ -64.792008103952483, -21.068613619925436 ], [ -64.791956087564685, -21.067753419641615 ], [ -64.791069886189575, -21.066729356870251 ], [ -64.790257880940146, -21.065778708848033 ], [ -64.78968255189649, -21.064547635185626 ], [ -64.789029014684573, -21.063386193239705 ], [ -64.788596016857454, -21.0625165311722 ], [ -64.787848145642897, -21.061996923092849 ], [ -64.786473578310421, -21.061636382256395 ], [ -64.784638360635327, -21.061819802236464 ], [ -64.782806372590272, -21.061888762241747 ], [ -64.780074559406387, -21.0614199671306 ], [ -64.778207500236093, -21.060571847438879 ], [ -64.777269378217525, -21.059231508690779 ], [ -64.776570244526965, -21.058068899754311 ], [ -64.775689871643081, -21.056844515082105 ], [ -64.774682746176111, -21.055788747807767 ], [ -64.774400622788704, -21.054980082661938 ], [ -64.774182692167699, -21.054058497879314 ], [ -64.77427115194665, -21.053087288080096 ], [ -64.774649819925955, -21.052638645309266 ], [ -64.775100761816475, -21.051790983905828 ], [ -64.775492362564592, -21.050884582879963 ], [ -64.775879105674477, -21.05014983786776 ], [ -64.775718885650193, -21.049344210994782 ], [ -64.77574152349753, -21.048543138891862 ], [ -64.775935699431187, -21.048147155919469 ], [ -64.776732931037728, -21.047995227061705 ], [ -64.777780435454119, -21.047620485074034 ], [ -64.778218413214304, -21.047230566911342 ], [ -64.778603515697981, -21.046553032305653 ], [ -64.778749653566791, -21.045697769054787 ], [ -64.778717782531501, -21.044666297433302 ], [ -64.77892648288325, -21.04375533161901 ], [ -64.779670813588041, -21.043315768784169 ], [ -64.780342886475324, -21.043275226057286 ], [ -64.781204269638039, -21.043010347535883 ], [ -64.781767354148116, -21.042509006887833 ], [ -64.781425865052157, -21.041641615336523 ], [ -64.781273685188864, -21.040549889343897 ], [ -64.781732612823177, -21.039416097050498 ], [ -64.782064793984247, -21.038450932959819 ], [ -64.782087385382439, -21.037649852534024 ], [ -64.781497266307085, -21.036948062383967 ], [ -64.781474402145875, -21.035596154700265 ], [ -64.78114744708887, -21.034213784577087 ], [ -64.780316784185175, -21.0333914934224 ], [ -64.779850193536134, -21.032635511951394 ], [ -64.77975896813696, -21.031545302953475 ], [ -64.779310140132992, -21.030159902853939 ], [ -64.777810727529598, -21.029263713702285 ], [ -64.776599907182927, -21.028947293778 ], [ -64.775565464614644, -21.028864293755269 ], [ -64.774354654420193, -21.028547858246863 ], [ -64.772422221855237, -21.027869887291295 ], [ -64.770850620566165, -21.027372665305471 ], [ -64.769620949033595, -21.025566982770904 ], [ -64.769177080449509, -21.024009916106515 ], [ -64.768344922687973, -21.023244805269098 ], [ -64.767823951284512, -21.022258409774409 ], [ -64.767915629197134, -21.021172765816353 ], [ -64.768429034178965, -21.020269410405199 ], [ -64.76917487397256, -21.019772659702273 ], [ -64.770230260355305, -21.019111837156672 ], [ -64.77062661319367, -21.018033777093258 ], [ -64.771210625408742, -21.016788609054121 ], [ -64.771170694129694, -21.016043240042979 ], [ -64.770391418400294, -21.015565758661293 ], [ -64.769488654279783, -21.015142456995523 ], [ -64.768590747095516, -21.014547494287871 ], [ -64.768124263397311, -21.013791499348248 ], [ -64.767619484875794, -21.012232917324667 ], [ -64.767234970687696, -21.010734591447086 ], [ -64.766666035798536, -21.009288929263285 ], [ -64.765684150368628, -21.007351996648119 ], [ -64.764374320399156, -21.006231419885911 ], [ -64.76217963507078, -21.004058103476758 ], [ -64.76106884634045, -21.002369881302105 ], [ -64.760249788661795, -21.001147007327692 ], [ -64.75979795107844, -20.999876034686185 ], [ -64.760128508741573, -20.998968137700622 ], [ -64.760343675506249, -20.997828324652311 ], [ -64.759574240850057, -20.997007501834929 ], [ -64.758992461208976, -20.996019582501937 ], [ -64.758526070339286, -20.995263578277587 ], [ -64.757869448370698, -20.994766216133442 ], [ -64.757215421188874, -20.994177302614759 ], [ -64.756952884717521, -20.992682018311864 ], [ -64.75655553789133, -20.991641439711664 ], [ -64.756393808727324, -20.990893037643097 ], [ -64.7562417962978, -20.989801324895843 ], [ -64.756517891510541, -20.988663038897812 ], [ -64.756606345402531, -20.987691845352579 ], [ -64.756944974838319, -20.986497859646192 ], [ -64.757407067687097, -20.985249693942716 ], [ -64.758399674750905, -20.984644608973625 ], [ -64.759504418134611, -20.984385867611085 ], [ -64.760548233948043, -20.984125600097457 ], [ -64.761285804967883, -20.983914950483001 ], [ -64.762336082206303, -20.983425794689385 ], [ -64.76247409809686, -20.98285664133169 ], [ -64.762068641081001, -20.98210216792037 ], [ -64.761485265234398, -20.981171481771511 ], [ -64.760962819393541, -20.980242313919863 ], [ -64.75951359344505, -20.979748112173763 ], [ -64.757878374670142, -20.979363778642437 ], [ -64.755642032649519, -20.978678135914382 ], [ -64.754806927724943, -20.978027446650234 ], [ -64.748662602240671, -20.975411861438481 ], [ -64.747332078406757, -20.975035051810377 ], [ -64.746126646978851, -20.974546843996524 ], [ -64.744127644938786, -20.974096034497357 ], [ -64.742546979495089, -20.973941964457119 ], [ -64.74103373443802, -20.973560535562484 ], [ -64.739890886985918, -20.973016596703875 ], [ -64.738883532841825, -20.97199507825739 ], [ -64.73788204214064, -20.97076757499164 ], [ -64.737064943488534, -20.969487429563959 ], [ -64.735986311541311, -20.968830564022745 ], [ -64.734785857343439, -20.968170639687109 ], [ -64.733955789339632, -20.967348221438947 ], [ -64.734156424438538, -20.966723417338059 ], [ -64.734244980166935, -20.965752256520858 ], [ -64.734210076929244, -20.964835258158846 ], [ -64.734545539502165, -20.963755770130334 ], [ -64.735053987404228, -20.963024162927088 ], [ -64.735079990312883, -20.962108690488648 ], [ -64.734679596437061, -20.96118253180542 ], [ -64.73458702351401, -20.960149572085438 ], [ -64.734374249463102, -20.959056343034209 ], [ -64.734154976196663, -20.958191981154215 ], [ -64.734177728633725, -20.957390942866994 ], [ -64.73432392875462, -20.956535740908173 ], [ -64.734101406377462, -20.955785813895133 ], [ -64.733653442446652, -20.954388951114566 ], [ -64.733629907382266, -20.953071433573569 ], [ -64.732987521199931, -20.952081953215625 ], [ -64.732335390595338, -20.951435773409102 ], [ -64.732548997897851, -20.950353232806453 ], [ -64.732693567206994, -20.949555248545046 ], [ -64.731871723389219, -20.948446754150769 ], [ -64.730949206453033, -20.946591385543137 ], [ -64.730372642566721, -20.94543177918462 ], [ -64.729677525294207, -20.944154684381523 ], [ -64.729036820087828, -20.943107982109744 ], [ -64.728154127537181, -20.941997952442421 ], [ -64.727622240793252, -20.941412036818058 ], [ -64.726534080119123, -20.941098451392435 ], [ -64.725622132911113, -20.941018309994071 ], [ -64.724482841082732, -20.940359885350233 ], [ -64.723285912535843, -20.939585493100203 ], [ -64.722452790876261, -20.938877486949455 ], [ -64.721057380495964, -20.937582784380421 ], [ -64.719746832118105, -20.936519233120812 ], [ -64.718538556058419, -20.936145327667774 ], [ -64.717131283416961, -20.936338981182715 ], [ -64.715717487488476, -20.936761484955976 ], [ -64.714673993345272, -20.937021521415552 ], [ -64.713648440141029, -20.936652179222271 ], [ -64.712892602912817, -20.935373513893971 ], [ -64.712489131514531, -20.934561767382874 ], [ -64.711340167602287, -20.934246564712716 ], [ -64.709878544973492, -20.934209764680759 ], [ -64.707758448481641, -20.933755569510701 ], [ -64.705465472610015, -20.932953454461501 ], [ -64.703011081082735, -20.931402912315029 ], [ -64.701437515453136, -20.931019684299969 ], [ -64.70021953685044, -20.930988951906425 ], [ -64.69887812790283, -20.931012350662925 ], [ -64.697954827609465, -20.931332576307714 ], [ -64.697077688885045, -20.932169262540981 ], [ -64.69643595181256, -20.933298167819 ], [ -64.69562296884402, -20.934021953125196 ], [ -64.693960655796431, -20.934609755942496 ], [ -64.693034048966325, -20.935044376246914 ], [ -64.692578246139078, -20.936063450604205 ], [ -64.69199735672639, -20.937193870547155 ], [ -64.69123539324535, -20.938262450412477 ], [ -64.690667603175399, -20.938935150760312 ], [ -64.68942661052661, -20.939705323528297 ], [ -64.687816913485591, -20.940580660868882 ], [ -64.686584103770329, -20.941064740446951 ], [ -64.685109322754727, -20.941485423792322 ], [ -64.68345840225517, -20.941672609154924 ], [ -64.681868383013551, -20.941861321884907 ], [ -64.680823188752285, -20.942178347715103 ], [ -64.679414225904523, -20.942428882641369 ], [ -64.678062871380916, -20.942795376271544 ], [ -64.676364206371929, -20.942523240892449 ], [ -64.674604648370803, -20.942249543428563 ], [ -64.673091999552327, -20.941867593205863 ], [ -64.670848551059649, -20.941467055449888 ], [ -64.669225664245502, -20.940681491300094 ], [ -64.667831555489158, -20.940417020285263 ], [ -64.666823407173553, -20.940505882020769 ], [ -64.665768311132567, -20.941166082521487 ], [ -64.664334602421974, -20.942274667765435 ], [ -64.663090178735814, -20.943159043117703 ], [ -64.66191655213477, -20.943701687524435 ], [ -64.66069357981722, -20.943842290745465 ], [ -64.659523245079953, -20.944270493391532 ], [ -64.658960264218678, -20.944771424345948 ], [ -64.658382402685191, -20.945787255889531 ], [ -64.657312357371794, -20.946962291334042 ], [ -64.656369060744069, -20.947968791556335 ], [ -64.655187104905522, -20.948797434257081 ], [ -64.654622437888847, -20.949355557317961 ], [ -64.654278208089991, -20.950720849521389 ], [ -64.654488722434252, -20.951871288029164 ], [ -64.654702548286778, -20.952907305032102 ], [ -64.654129583756429, -20.953751477401134 ], [ -64.653072687568525, -20.954468782784634 ], [ -64.652168706363781, -20.955167084993626 ], [ -64.650945642987224, -20.955307599544543 ], [ -64.64943297005604, -20.954925425539695 ], [ -64.647181168353015, -20.954810605316773 ], [ -64.645727762897991, -20.954487169276515 ], [ -64.645233896830831, -20.954703545797283 ], [ -64.645511878264358, -20.95562670123871 ], [ -64.645610465369728, -20.956430761832983 ], [ -64.645577289391682, -20.957574967911292 ], [ -64.644819881821007, -20.95847163178167 ], [ -64.644549710508414, -20.959380761138906 ], [ -64.644272896228856, -20.960518729328346 ], [ -64.644131168522193, -20.961202133993527 ], [ -64.644334961709234, -20.962581413460285 ], [ -64.644043196382739, -20.964234271599402 ], [ -64.643257511516026, -20.966103491856426 ], [ -64.642555964590585, -20.967173324891256 ], [ -64.641568134722363, -20.96760604231244 ], [ -64.640517729761925, -20.968094401903453 ], [ -64.639960574281233, -20.968389286980134 ], [ -64.639573513100657, -20.96912364789657 ], [ -64.639362526531869, -20.970091529733999 ], [ -64.638354717952708, -20.971210739704624 ], [ -64.63699473670934, -20.971862890856844 ], [ -64.63447744967344, -20.972485331023503 ], [ -64.632378194264589, -20.97340472565979 ], [ -64.630102849998266, -20.974090558332183 ], [ -64.628314775159197, -20.974788882048429 ], [ -64.627195040273861, -20.975561620841969 ], [ -64.626611820633201, -20.976748909246144 ], [ -64.62608283100127, -20.978166594591649 ], [ -64.625073203424535, -20.979342905779479 ], [ -64.62395341677707, -20.98011561432396 ], [ -64.62259497656099, -20.980710415571949 ], [ -64.621480179442869, -20.981311478163967 ], [ -64.620011590671595, -20.981502661126637 ], [ -64.618507156533369, -20.980834139636904 ], [ -64.617127904621483, -20.98005433131603 ], [ -64.616367814798508, -20.978946969614498 ], [ -64.615019048131145, -20.978167933889143 ], [ -64.613550494524119, -20.978359064423412 ], [ -64.61212946315807, -20.97900941472183 ], [ -64.610899523668749, -20.979378429553453 ], [ -64.609294066011174, -20.980081241721031 ], [ -64.607571798256686, -20.980609268591973 ], [ -64.606032256183539, -20.981141996766208 ], [ -64.605096792537267, -20.981862075822274 ], [ -64.604396584381647, -20.982874482372015 ], [ -64.603501889207507, -20.984282606505282 ], [ -64.603162102188875, -20.985476073930254 ], [ -64.602433337813153, -20.98746098255134 ], [ -64.602271239097007, -20.988830793208656 ], [ -64.60218179748837, -20.989801731920064 ], [ -64.601292064979106, -20.991038212888775 ], [ -64.601148411118885, -20.991778746725423 ], [ -64.601355141680401, -20.993043599337899 ], [ -64.601746301498878, -20.99425597489947 ], [ -64.60158753479152, -20.995511368922919 ], [ -64.600988907677902, -20.997213376774347 ], [ -64.600280184234919, -20.998511779835884 ], [ -64.599818481323894, -20.999702075024064 ], [ -64.599473902333955, -21.001055700455353 ], [ -64.598946219701091, -21.002416031598216 ], [ -64.598063091028934, -21.003423650736185 ], [ -64.595907355092805, -21.004169278503845 ], [ -64.594531786856336, -21.005335856679189 ], [ -64.593015841776051, -21.007128523451104 ], [ -64.592269638793326, -21.007624408788676 ], [ -64.591415060916091, -21.007659481078395 ], [ -64.590582376157442, -21.006950873706352 ], [ -64.590243798449606, -21.006026094234432 ], [ -64.589774963449472, -21.005384179613653 ], [ -64.588438094345506, -21.005234968388027 ], [ -64.586773037469129, -21.005878711306249 ], [ -64.585343217799249, -21.006814795277752 ], [ -64.584778073174391, -21.007372598026116 ], [ -64.58449391640066, -21.00873918979514 ], [ -64.584636202050376, -21.010116867613441 ], [ -64.584847842702104, -21.011210102183007 ], [ -64.584629655022155, -21.012406660968459 ], [ -64.585073179829877, -21.013906668773632 ], [ -64.585039442857237, -21.015050774423219 ], [ -64.584694335223361, -21.01641577972779 ], [ -64.583875323098937, -21.017310466109819 ], [ -64.583073179959925, -21.017633095729053 ], [ -64.581973165435784, -21.017718975041376 ], [ -64.580692066810002, -21.017742885330989 ], [ -64.579950841778597, -21.018067084395796 ], [ -64.579265469547579, -21.018564480799373 ], [ -64.579121657547603, -21.019304970470614 ], [ -64.57944328022289, -21.020801812698313 ], [ -64.580201186965269, -21.021977971152154 ], [ -64.5803704502448, -21.022440368431123 ], [ -64.580585437009518, -21.023419195303916 ], [ -64.580560096343731, -21.024277268336025 ], [ -64.580538132642914, -21.02502093067875 ], [ -64.580086297196459, -21.025867899102881 ], [ -64.579697073291882, -21.026659246530912 ], [ -64.579857888216424, -21.02740766803657 ], [ -64.580018703456375, -21.02815609039115 ], [ -64.579754708152024, -21.028836200103662 ], [ -64.57929778198141, -21.029854777452329 ], [ -64.578427868302754, -21.030404602146554 ], [ -64.577728898643727, -21.031359617656754 ], [ -64.577387042518922, -21.03261017874275 ], [ -64.576752367511148, -21.033452365671707 ], [ -64.575418671281682, -21.033188601941983 ], [ -64.574528414720135, -21.032363907699995 ], [ -64.573687249452149, -21.031941230713866 ], [ -64.572837623883615, -21.031804571462992 ], [ -64.571659663584853, -21.031430346757755 ], [ -64.570478297920474, -21.032200990569009 ], [ -64.569491569983995, -21.032575968901057 ], [ -64.568184936335356, -21.033457818780516 ], [ -64.567612837198453, -21.034244349059364 ], [ -64.567391053517824, -21.035555261280592 ], [ -64.567509416569806, -21.037733778785473 ], [ -64.568055997802645, -21.039866235787439 ], [ -64.568262425026262, -21.041131086479279 ], [ -64.568096470788277, -21.042615200623015 ], [ -64.567146851381466, -21.043792595497209 ], [ -64.565958570185472, -21.044792000469315 ], [ -64.565489266753758, -21.0462223778087 ], [ -64.564669958571812, -21.047116920289319 ], [ -64.564283977261226, -21.04779380011264 ], [ -64.563887805117631, -21.048813898026015 ], [ -64.563374848891542, -21.04965919606958 ], [ -64.563264661676371, -21.051316498515664 ], [ -64.562435114587032, -21.052554241334381 ], [ -64.561135049332108, -21.053207184974685 ], [ -64.559393111969953, -21.054363772234048 ], [ -64.558157358865813, -21.054903877411185 ], [ -64.557087399818528, -21.056020790371846 ], [ -64.556677536408927, -21.057498480768782 ], [ -64.55566848449125, -21.058616977577906 ], [ -64.554896364368943, -21.059970667421865 ], [ -64.554911337836742, -21.061516735729793 ], [ -64.555061810252084, -21.0626083793181 ], [ -64.554310091677195, -21.063275630850271 ], [ -64.553771845054271, -21.062918029790488 ], [ -64.552898239090339, -21.063582075700626 ], [ -64.551743375006552, -21.065498170659009 ], [ -64.550246692119671, -21.06660382028241 ], [ -64.549185108061849, -21.067434646616952 ], [ -64.548524071465209, -21.068127145283842 ], [ -64.548119186740863, -21.069433186159415 ], [ -64.54795635972323, -21.070802832091108 ], [ -64.547546339974943, -21.072280474853933 ], [ -64.547325968217351, -21.073534113127639 ], [ -64.546985407369661, -21.074727343996404 ], [ -64.54725599779556, -21.075879391366797 ], [ -64.547709427769007, -21.077036245183322 ], [ -64.547333010819429, -21.079430714986209 ], [ -64.546425122423912, -21.081238741955886 ], [ -64.545607191519807, -21.08207593280385 ], [ -64.544496470140629, -21.082504690088232 ], [ -64.542788230332008, -21.082516989117046 ], [ -64.5410834135551, -21.082414868221001 ], [ -64.539822333328715, -21.081751953935115 ], [ -64.538537317372757, -21.081889847810565 ], [ -64.537240323963061, -21.082428139303481 ], [ -64.535865258542856, -21.083536823005645 ], [ -64.535951205983096, -21.084741256558964 ], [ -64.53653691037897, -21.086061429318608 ], [ -64.53694745093496, -21.087205245589306 ], [ -64.537374041688878, -21.087812802758567 ], [ -64.537606602634909, -21.088534509142917 ], [ -64.537655828949781, -21.089012857751651 ], [ -64.537438616450672, -21.089901604968308 ], [ -64.536789454621896, -21.090361544833367 ], [ -64.535768268320865, -21.090513516586331 ], [ -64.534230241251791, -21.090950006698112 ], [ -64.532893387409018, -21.091034001604935 ], [ -64.531866840311693, -21.091364700351715 ], [ -64.53083314703926, -21.091933727400967 ], [ -64.53003375873584, -21.093164873432148 ], [ -64.52909307939268, -21.094869329864004 ], [ -64.527963687450566, -21.096509161466187 ], [ -64.52723310131222, -21.097563212244079 ], [ -64.526213653606703, -21.097655532415235 ], [ -64.525134291546252, -21.097627000224652 ], [ -64.523853721176906, -21.097950923864033 ], [ -64.522837852905823, -21.097924056154735 ], [ -64.522478378789828, -21.097198982144814 ], [ -64.522233361528961, -21.096894347765442 ], [ -64.521475046830787, -21.096755025561869 ], [ -64.520123828826328, -21.097315572709331 ], [ -64.518959493737711, -21.098000316014677 ], [ -64.518174307533059, -21.098754720483132 ], [ -64.517398072527982, -21.099211205743629 ], [ -64.516318712511037, -21.099182615720725 ], [ -64.515429828656494, -21.099159065855758 ], [ -64.514272635691924, -21.099605440060746 ], [ -64.512935723215747, -21.099689261655929 ], [ -64.511669479953895, -21.099536427348571 ], [ -64.510803928984828, -21.098738284570508 ], [ -64.510252251028305, -21.098067723859007 ], [ -64.50951010692647, -21.097392109449647 ], [ -64.508626627758233, -21.097189780587534 ], [ -64.507494578839797, -21.096801960313876 ], [ -64.506620088540998, -21.096301712035803 ], [ -64.506188233680533, -21.095872840821702 ], [ -64.505440730712436, -21.095375959464807 ], [ -64.504678862007012, -21.09535572875005 ], [ -64.503848113919162, -21.095512553644905 ], [ -64.503156923336931, -21.095255675495974 ], [ -64.502146494161011, -21.095049943169194 ], [ -64.500747945276288, -21.095072405122025 ], [ -64.499594359658971, -21.095399514807621 ], [ -64.498308395801445, -21.095901981960264 ], [ -64.497283579086698, -21.096172869609603 ], [ -64.496142582174372, -21.09608288514659 ], [ -64.495168173742513, -21.094685492350106 ], [ -64.494115890212782, -21.093763054180435 ], [ -64.49249583951962, -21.092706237625766 ], [ -64.491566957068542, -21.091906330787626 ], [ -64.490556579571034, -21.091700535584788 ], [ -64.489344934853534, -21.091847142449716 ], [ -64.487547488281194, -21.092455155268837 ], [ -64.48543620563558, -21.092935520082076 ], [ -64.483794586502242, -21.092593592839297 ], [ -64.481779284140231, -21.092003166130745 ], [ -64.480465952135489, -21.091312202517184 ], [ -64.480503874383089, -21.090061028356601 ], [ -64.480734051459038, -21.088755356830042 ], [ -64.480761134177001, -21.087861660453846 ], [ -64.480793630407632, -21.086789224466411 ], [ -64.480307429454683, -21.08606071148786 ], [ -64.479041383718027, -21.085907658795971 ], [ -64.477904113008634, -21.085698408055482 ], [ -64.476768654190039, -21.085429571355242 ], [ -64.475756550444316, -21.085283277958034 ], [ -64.473913759658927, -21.085293660436175 ], [ -64.472305006091304, -21.085966183052857 ], [ -64.469488266541546, -21.086665998649774 ], [ -64.467649094119992, -21.086557152543904 ], [ -64.465878842440773, -21.086271251138136 ], [ -64.463548141926736, -21.085612557073073 ], [ -64.461654581721035, -21.085204056725274 ], [ -64.460025839729198, -21.084444876739187 ], [ -64.459211476046249, -21.08406528223043 ], [ -64.458213932158117, -21.083442264024608 ], [ -64.457145661519675, -21.083055850942678 ], [ -64.455845215155847, -21.084034610604537 ], [ -64.455048963580083, -21.085146143894608 ], [ -64.453904501929912, -21.085175049315051 ], [ -64.453218932832471, -21.084739257981045 ], [ -64.451693597362762, -21.08475792157304 ], [ -64.450677918927184, -21.084730637534907 ], [ -64.449578769775258, -21.085356991854102 ], [ -64.448403405205767, -21.086398669589371 ], [ -64.446662155438702, -21.087246242862257 ], [ -64.445439651109197, -21.087749995274468 ], [ -64.444351381867108, -21.088018846537896 ], [ -64.443484265169189, -21.08936690337077 ], [ -64.442655120569512, -21.091550734763977 ], [ -64.441713552167172, -21.093254526092931 ], [ -64.440149882821842, -21.09452417294775 ], [ -64.439422408759427, -21.095458581011176 ], [ -64.438076497513421, -21.095839689783187 ], [ -64.436353327965435, -21.096091364606981 ], [ -64.435192384239443, -21.096656310659032 ], [ -64.434513755503858, -21.098069008643524 ], [ -64.434154360012172, -21.099430690514627 ], [ -64.433746072774184, -21.100314051104267 ], [ -64.43246359437515, -21.100696816424765 ], [ -64.431616374966055, -21.101389446552965 ], [ -64.431146407469456, -21.102211507436241 ], [ -64.429907296057124, -21.103251294180652 ], [ -64.428463572800553, -21.102675672813714 ], [ -64.426377699010899, -21.102321185985762 ], [ -64.424924859421807, -21.102043414409021 ], [ -64.423472026986886, -21.101765631070219 ], [ -64.421654769426709, -21.100941358027043 ], [ -64.420537685950762, -21.100076393408603 ], [ -64.419799683831314, -21.099281307180533 ], [ -64.418731456978236, -21.098894647984242 ], [ -64.417071741819612, -21.099147832376676 ], [ -64.414900496340067, -21.09950638875134 ], [ -64.413993404639399, -21.100078048313684 ], [ -64.413114949875933, -21.101783329327187 ], [ -64.412932966303543, -21.103567109390948 ], [ -64.412879778244701, -21.105294755383611 ], [ -64.41308529765216, -21.106874394693914 ], [ -64.413295221179453, -21.108311055786075 ], [ -64.413004585663614, -21.109495651106041 ], [ -64.412420360484916, -21.109897174631456 ], [ -64.411408237965816, -21.109750476565026 ], [ -64.409959054383847, -21.109353420897733 ], [ -64.408366380551016, -21.109489070440432 ], [ -64.406570389137656, -21.110036546943743 ], [ -64.405398228837953, -21.110958686010591 ], [ -64.404168081869031, -21.11170037084829 ], [ -64.403063059458006, -21.112505067983061 ], [ -64.402034388156324, -21.112894469488282 ], [ -64.40087137799361, -21.113518703637041 ], [ -64.399833495376882, -21.114205954600088 ], [ -64.399529853225317, -21.115807513119837 ], [ -64.399427713027578, -21.117056815517792 ], [ -64.398617978757855, -21.118584979114949 ], [ -64.397257073935023, -21.119442284988885 ], [ -64.395524427258593, -21.119991342588115 ], [ -64.394243573517528, -21.120314195391327 ], [ -64.393007769178837, -21.121234490156468 ], [ -64.391900776174495, -21.122098661463401 ], [ -64.391664197155421, -21.123582773074528 ], [ -64.391016374557083, -21.123982471280794 ], [ -64.389919554267493, -21.123942680868133 ], [ -64.389001592493713, -21.124036892941859 ], [ -64.388233056082754, -21.124230571437593 ], [ -64.387815637210778, -21.124576917287339 ], [ -64.38757525425396, -21.124951941204685 ], [ -64.387003237326127, -21.125365613376829 ], [ -64.385975556284677, -21.125719150331502 ], [ -64.384817193899536, -21.126188356370555 ], [ -64.383737971807193, -21.126564319119655 ], [ -64.383131671665353, -21.127263224279321 ], [ -64.382476199374409, -21.127908315073245 ], [ -64.382105771545724, -21.130015961860106 ], [ -64.381192067328385, -21.131937049751237 ], [ -64.38114413005195, -21.133481133627996 ], [ -64.381108618282809, -21.134624899878609 ], [ -64.380895565012722, -21.135592102611675 ], [ -64.380322101793624, -21.13637774157479 ], [ -64.379700110736991, -21.136761393940741 ], [ -64.378850284095321, -21.136623683821064 ], [ -64.378197541653648, -21.136033465864326 ], [ -64.377222256224002, -21.136006789605986 ], [ -64.376297262553095, -21.136324903020913 ], [ -64.375671708288976, -21.13682291448827 ], [ -64.37522723959755, -21.137383116316908 ], [ -64.374669747185322, -21.137654039512672 ], [ -64.373190800639136, -21.138128678046549 ], [ -64.37219771458048, -21.13867384643261 ], [ -64.37132475527568, -21.139279534185246 ], [ -64.370270699711227, -21.139823017860298 ], [ -64.369713192024648, -21.14009392175269 ], [ -64.368476257152139, -21.140632380850725 ], [ -64.367795049135026, -21.140957122549878 ], [ -64.366809056830988, -21.14127350238331 ], [ -64.365694018473391, -21.141815280394745 ], [ -64.365131148592241, -21.142257727348774 ], [ -64.364322666431065, -21.142750667793958 ], [ -64.36261230862246, -21.142818200866689 ], [ -64.361334002159055, -21.142725871793658 ], [ -64.359741993511918, -21.142911094964472 ], [ -64.358824075327178, -21.143000352173253 ], [ -64.358015573520518, -21.143493257467153 ], [ -64.356654884357923, -21.144085452676251 ], [ -64.355485988438176, -21.144396732931522 ], [ -64.354397700883055, -21.144080632630388 ], [ -64.353072743286035, -21.143529076603219 ], [ -64.352326968684508, -21.143966441519069 ], [ -64.351098902243621, -21.144218826429675 ], [ -64.349687964949879, -21.144466166832022 ], [ -64.347319676213999, -21.145087773970129 ], [ -64.345469504714018, -21.145723621716844 ], [ -64.343691023226242, -21.146018015459379 ], [ -64.342593808034493, -21.145987767239738 ], [ -64.341322686499083, -21.145666543386096 ], [ -64.340647903202623, -21.145098145898277 ], [ -64.340549972023084, -21.145015654043707 ], [ -64.339852559149122, -21.143908964214187 ], [ -64.338907751489685, -21.142909915978155 ], [ -64.337792879715906, -21.141505822246046 ], [ -64.337792644157929, -21.141505526213642 ], [ -64.336846071467434, -21.140563655805447 ], [ -64.335451315144681, -21.140296219442977 ], [ -64.334101371565581, -21.140545114068889 ], [ -64.33287153693847, -21.140854550424553 ], [ -64.332238667854611, -21.14158110705392 ], [ -64.331012414429452, -21.141776157718905 ], [ -64.330165264947027, -21.141538943375846 ], [ -64.330105295540974, -21.141522151444587 ], [ -64.329757534613591, -21.140940202244128 ], [ -64.329131362253179, -21.14021251307658 ], [ -64.329051243695574, -21.140119405198146 ], [ -64.328095761873712, -21.139463418426494 ], [ -64.326952042797771, -21.138973921118527 ], [ -64.326175840218838, -21.138437350193751 ], [ -64.32505433192523, -21.137843327492305 ], [ -64.325035731688942, -21.137833475794849 ], [ -64.324328395288262, -21.137070617130366 ], [ -64.324327685050775, -21.137069850984155 ], [ -64.32332208345467, -21.136069055306574 ], [ -64.321922019505564, -21.135973069301958 ], [ -64.320946813528693, -21.135946068674684 ], [ -64.319964412672206, -21.136147796274081 ], [ -64.318797358418777, -21.136401635515462 ], [ -64.3175502920828, -21.13625524445014 ], [ -64.317521003873694, -21.136251805899423 ], [ -64.316970586886882, -21.135553049803217 ], [ -64.31687575811533, -21.135432663818374 ], [ -64.315841413954999, -21.135346763301307 ], [ -64.3143786247131, -21.135306209279758 ], [ -64.313087875117972, -21.135613811225294 ], [ -64.311974564432958, -21.136098022040478 ], [ -64.311587237378362, -21.136774067393535 ], [ -64.310851035197985, -21.137370604523909 ], [ -64.310836007925445, -21.13738278067791 ], [ -64.310223454150574, -21.136619180330705 ], [ -64.310131654710588, -21.136504744214466 ], [ -64.309163675171064, -21.136248946112737 ], [ -64.307663393303798, -21.135463271425756 ], [ -64.306719086222856, -21.135013869600453 ], [ -64.306641695974903, -21.134977038740729 ], [ -64.306267533397715, -21.134276183048652 ], [ -64.306238511878348, -21.134221821255409 ], [ -64.305582517691732, -21.133745741354343 ], [ -64.304998096681388, -21.133901203245639 ], [ -64.303768304765143, -21.134210424509373 ], [ -64.302730381626546, -21.134238809868453 ], [ -64.301685235172158, -21.134495916515174 ], [ -64.300564686110647, -21.135208773362244 ], [ -64.298972805356541, -21.135393423285478 ], [ -64.297144362413505, -21.135342547563937 ], [ -64.295511428692564, -21.134896472736649 ], [ -64.294009448121926, -21.134167872801516 ], [ -64.292394637744891, -21.133149962463371 ], [ -64.2911346685556, -21.132485313974296 ], [ -64.290281420916628, -21.132461538364954 ], [ -64.289221797045386, -21.133176011687809 ], [ -64.288228543789259, -21.133720633132256 ], [ -64.286871415249536, -21.134197868863382 ], [ -64.285225858376393, -21.134151966237802 ], [ -64.284076941209094, -21.133833752717766 ], [ -64.282807951473146, -21.133454949430867 ], [ -64.28171636647177, -21.133252783697266 ], [ -64.280669404483191, -21.133566933982809 ], [ -64.279254949760272, -21.133928041493537 ], [ -64.278333502999402, -21.134131220544543 ], [ -64.277351108409022, -21.134332691347311 ], [ -64.276184059101752, -21.134586223728281 ], [ -64.275794775658753, -21.135319337007118 ], [ -64.275278145039351, -21.136220578917957 ], [ -64.275071690877894, -21.136958800725711 ], [ -64.274126603255141, -21.137905286114677 ], [ -64.27295225324508, -21.138387507305396 ], [ -64.2722263421674, -21.13819550662302 ], [ -64.271629825351312, -21.137762406372655 ], [ -64.271570469931746, -21.137719311211242 ], [ -64.271187450485897, -21.137241600609713 ], [ -64.271101077039546, -21.13713387346214 ], [ -64.270318230312228, -21.136814365354255 ], [ -64.26952592962374, -21.136792186521856 ], [ -64.268833695113827, -21.137459564642601 ], [ -64.267965891241531, -21.137893102558788 ], [ -64.267157210821111, -21.138385521361329 ], [ -64.265988305711602, -21.138696153490265 ], [ -64.265136873608569, -21.138615064510734 ], [ -64.264165372437134, -21.138473376911556 ], [ -64.262815447108238, -21.138721682109441 ], [ -64.261834841013439, -21.138865873210484 ], [ -64.260706829354078, -21.139807136467955 ], [ -64.259948130870214, -21.140644294069833 ], [ -64.258949280845314, -21.141360247711805 ], [ -64.25801319287136, -21.142020726681039 ], [ -64.256949729565719, -21.14284931035186 ], [ -64.255775307855515, -21.14333139418034 ], [ -64.254056000691421, -21.143683702463584 ], [ -64.252827921318911, -21.143935340109952 ], [ -64.252279393433042, -21.143919923465575 ], [ -64.251232327215646, -21.144233864532243 ], [ -64.25010114504785, -21.144316517252349 ], [ -64.248815766501266, -21.144452054266271 ], [ -64.247524904462708, -21.144759113149782 ], [ -64.246780738293737, -21.145138773881403 ], [ -64.246328508111617, -21.145927247756376 ], [ -64.246236476134101, -21.146897543524545 ], [ -64.246007913354745, -21.148321824704428 ], [ -64.245566640402657, -21.148767230836345 ], [ -64.244573164876414, -21.149311545142687 ], [ -64.243407814602804, -21.149507641265092 ], [ -64.24180300617131, -21.150091944919016 ], [ -64.24057670042987, -21.150286302108693 ], [ -64.238679953625422, -21.150461748413978 ], [ -64.237588369546117, -21.150259284082427 ], [ -64.236125599098315, -21.150218027041042 ], [ -64.235019358547021, -21.150472956832093 ], [ -64.234099628640635, -21.150618686076758 ], [ -64.232553903614388, -21.151261788721754 ], [ -64.231443983335993, -21.15163104375187 ], [ -64.230210326514836, -21.152054023821513 ], [ -64.229052298388169, -21.152021309073376 ], [ -64.228027186429188, -21.151648979114036 ], [ -64.22706486508774, -21.151221190057786 ], [ -64.22592154267366, -21.150731053137754 ], [ -64.224656333847122, -21.150237462444434 ], [ -64.223337538253702, -21.149513438720106 ], [ -64.222323747992633, -21.149001519429159 ], [ -64.222257030785329, -21.14896782969052 ], [ -64.22185062113698, -21.148326834281594 ], [ -64.221508102527807, -21.147596082602725 ], [ -64.220944596729453, -21.146149462659817 ], [ -64.22027590371556, -21.144734714190932 ], [ -64.220259208946075, -21.144699393600476 ], [ -64.219248886094974, -21.143869624180116 ], [ -64.217874749740815, -21.142972324232314 ], [ -64.216179355448958, -21.14258095867439 ], [ -64.215150672409251, -21.142322917176482 ], [ -64.213776580243916, -21.141425591569565 ], [ -64.212585333285432, -21.1405334382919 ], [ -64.210786522434432, -21.13956683008907 ], [ -64.209277708245565, -21.139066240412141 ], [ -64.207996091069006, -21.139087119594848 ], [ -64.206527965134924, -21.13921714865409 ], [ -64.205613843418206, -21.139191209433474 ], [ -64.20494717525807, -21.139057836968774 ], [ -64.203414422889765, -21.139300456680683 ], [ -64.202378422108765, -21.139271039667001 ], [ -64.201593566470819, -21.139019845543334 ], [ -64.201120185985815, -21.138641955151744 ], [ -64.200998917963787, -21.138545149103646 ], [ -64.200956428554633, -21.137971683903491 ], [ -64.201272200376678, -21.137637298002851 ], [ -64.202009020171829, -21.13748654687366 ], [ -64.202633179686984, -21.137046464008229 ], [ -64.203096644293169, -21.135915103922844 ], [ -64.203188931942819, -21.134944883445094 ], [ -64.202922958224619, -21.133735588198697 ], [ -64.202420609460106, -21.132290679239798 ], [ -64.201726232832698, -21.131126447243883 ], [ -64.200996749807473, -21.129160055940151 ], [ -64.200496270508339, -21.12765797338967 ], [ -64.200619679330956, -21.126313810178278 ], [ -64.200719650480252, -21.125184055510626 ], [ -64.2007801977376, -21.124291621386348 ], [ -64.201185047210302, -21.123557986639909 ], [ -64.201558155286477, -21.122823449296938 ], [ -64.201512925229636, -21.122255880396754 ], [ -64.200897397685281, -21.12164229333116 ], [ -64.200008779531643, -21.121617064871845 ], [ -64.198924063457241, -21.120818514108791 ], [ -64.198829696415615, -21.120749042272109 ], [ -64.198110299482053, -21.119417188896815 ], [ -64.198275665015657, -21.118229684521541 ], [ -64.198510258734487, -21.116865314772976 ], [ -64.198617906807073, -21.115497339744486 ], [ -64.199102524284498, -21.114259286989483 ], [ -64.199327496474154, -21.11319269083889 ], [ -64.198943163671103, -21.112471506443384 ], [ -64.198908177011461, -21.112405855632758 ], [ -64.197914456123769, -21.111761675053572 ], [ -64.197850337901485, -21.111720110266539 ], [ -64.197363720520556, -21.111050581285795 ], [ -64.196565532397926, -21.110193374281032 ], [ -64.195834662119182, -21.109218856111632 ], [ -64.195305342682687, -21.107904324886274 ], [ -64.195153368303238, -21.106707810219515 ], [ -64.19470135815925, -21.104966283615994 ], [ -64.1941666778566, -21.103818508275161 ], [ -64.193316605660513, -21.102602161167159 ], [ -64.192541540232725, -21.10103028549581 ], [ -64.191703024908676, -21.099456605493693 ], [ -64.191176067934876, -21.098070608287482 ], [ -64.190964503348269, -21.09675318344215 ], [ -64.191010625032206, -21.095323862608989 ], [ -64.190425987371412, -21.093757398252396 ], [ -64.189654824492834, -21.092066412372731 ], [ -64.189112523357792, -21.0911568552722 ], [ -64.189015205190117, -21.090236102747962 ], [ -64.189561305069375, -21.089059432995121 ], [ -64.190491982526581, -21.087774467897901 ], [ -64.191803383508969, -21.086500309503236 ], [ -64.192797478629117, -21.085217127199343 ], [ -64.193472356305179, -21.083984483938533 ], [ -64.193518424161894, -21.082555155625826 ], [ -64.193572164624939, -21.080887605914555 ], [ -64.193425942905321, -21.079512428947737 ], [ -64.193612339157752, -21.07766981488286 ], [ -64.193910282735303, -21.076307243644955 ], [ -64.194319776383509, -21.075424716840562 ], [ -64.19479271584791, -21.074543986825546 ], [ -64.195336772959323, -21.073426833044657 ], [ -64.19595385756682, -21.072013697680095 ], [ -64.19639782995192, -21.070059157514354 ], [ -64.197068751577461, -21.068945591000162 ], [ -64.19863753677221, -21.067559418373971 ], [ -64.199698699870112, -21.066158844439546 ], [ -64.199739302222056, -21.064896257931949 ], [ -64.199652623055812, -21.063641986474476 ], [ -64.199517816064571, -21.061909469149466 ], [ -64.198894007251553, -21.060583793902111 ], [ -64.198863945339426, -21.060519908372591 ], [ -64.197681446734137, -21.059771078589559 ], [ -64.196691215184288, -21.058968081642309 ], [ -64.196137485958374, -21.058415933705493 ], [ -64.196014387803402, -21.058293186150991 ], [ -64.195477870309617, -21.057204995952279 ], [ -64.195469990746659, -21.05547608258842 ], [ -64.19551022315288, -21.054225412263591 ], [ -64.195354376809291, -21.053148014396623 ], [ -64.194883233105372, -21.052002069472604 ], [ -64.194285211739029, -21.050852526368505 ], [ -64.194002489630179, -21.049771533120591 ], [ -64.194044638279351, -21.048461309496034 ], [ -64.194150224864146, -21.04715288410021 ], [ -64.194323077760558, -21.045727144517613 ], [ -64.194878475335486, -21.044252635401946 ], [ -64.196047188053399, -21.04345121094503 ], [ -64.196691150200266, -21.043171403031604 ], [ -64.197652305673429, -21.042900575986501 ], [ -64.198566858018054, -21.042103853856453 ], [ -64.19910306454905, -21.041224881332219 ], [ -64.19946234029841, -21.039923625565759 ], [ -64.199831169074841, -21.038324586365739 ], [ -64.20013272588028, -21.036842862194401 ], [ -64.199688339081078, -21.034863144650718 ], [ -64.199318426336333, -21.033706176462555 ], [ -64.199284446204203, -21.03359989770691 ], [ -64.198148351017466, -21.03338891021717 ], [ -64.196806651090597, -21.033648975821123 ], [ -64.195103477176019, -21.033302689707526 ], [ -64.193646394408148, -21.033201800643141 ], [ -64.191933664036284, -21.033153263458093 ], [ -64.189650031640738, -21.033088519910351 ], [ -64.187431758624356, -21.032965990868526 ], [ -64.185417219237877, -21.032431949771397 ], [ -64.183850567090232, -21.031791384388161 ], [ -64.18166111986568, -21.03077546413229 ], [ -64.180767317296628, -21.02993965198749 ], [ -64.180674991402554, -21.029853315526932 ], [ -64.179696554497284, -21.028692946247379 ], [ -64.17941970844754, -21.027433291157699 ], [ -64.179634953018962, -21.026664489461442 ], [ -64.18091891419084, -21.026224088789672 ], [ -64.182418095948606, -21.025014868334296 ], [ -64.183152263930594, -21.023903134702028 ], [ -64.183054078796246, -21.023081057181436 ], [ -64.183052252331194, -21.023065765951113 ], [ -64.18253170322923, -21.022604135631784 ], [ -64.182496731885649, -21.022573122440452 ], [ -64.181943899759787, -21.021997101005955 ], [ -64.181661280780816, -21.020916111487384 ], [ -64.182406931923822, -21.01944704942683 ], [ -64.182835430288179, -21.017968980460111 ], [ -64.183636809469178, -21.016739927595118 ], [ -64.184772549737161, -21.014983868299417 ], [ -64.185965940199395, -21.013408261076663 ], [ -64.187099708107652, -21.011711732176437 ], [ -64.188008716754382, -21.011081793727282 ], [ -64.189674984091724, -21.010592525288875 ], [ -64.191516213440295, -21.010585073465254 ], [ -64.193436169719348, -21.010102949546496 ], [ -64.194491112833461, -21.008881000887278 ], [ -64.195442124490768, -21.006940780806307 ], [ -64.19574741380562, -21.005339944979685 ], [ -64.195547087171718, -21.004597603744301 ], [ -64.195520474145624, -21.004498983156427 ], [ -64.194449936438104, -21.004230252218331 ], [ -64.192866290479301, -21.004125821278496 ], [ -64.191980293274312, -21.004041129306788 ], [ -64.190838697379476, -21.004008803657161 ], [ -64.189057145992564, -21.004137171860027 ], [ -64.187216001448789, -21.00414461348025 ], [ -64.186330013417049, -21.004059891845088 ], [ -64.186022576471657, -21.003753223910792 ], [ -64.185899465544807, -21.003630420752774 ], [ -64.186183780697704, -21.002684728126592 ], [ -64.186400842739587, -21.001856346999205 ], [ -64.186435296661756, -21.000784351682924 ], [ -64.186023514234037, -20.99977124169342 ], [ -64.185245003218967, -20.998318547418354 ], [ -64.18405703998117, -20.995781274903511 ], [ -64.18347647239591, -20.994095753587636 ], [ -64.183522419871466, -20.992666431298304 ], [ -64.183881615386909, -20.991365207403661 ], [ -64.184742383773539, -20.990257025889846 ], [ -64.185483961759616, -20.988907021808398 ], [ -64.186388989380916, -20.98839617678258 ], [ -64.187743651237369, -20.987719230410214 ], [ -64.189421111078573, -20.98687257979455 ], [ -64.190583594617763, -20.986249775839607 ], [ -64.191995907193842, -20.985753250352825 ], [ -64.192848943727029, -20.984883232730727 ], [ -64.192889050574905, -20.983632557241108 ], [ -64.192544857474758, -20.982490232504428 ], [ -64.192187298605873, -20.981764799038892 ], [ -64.191576093556421, -20.981032189849703 ], [ -64.190914853682131, -20.97988089513662 ], [ -64.19025362185792, -20.978729600031173 ], [ -64.189841840073754, -20.977716502991473 ], [ -64.189830008296894, -20.976106703664851 ], [ -64.190075631392133, -20.974384968300622 ], [ -64.190490462939536, -20.973323726181018 ], [ -64.191310559469741, -20.971499015349984 ], [ -64.191475557632529, -20.970311483192223 ], [ -64.191315879170062, -20.969353208694631 ], [ -64.19055044671353, -20.968424611713086 ], [ -64.190460635341367, -20.96831565458006 ], [ -64.18908287414844, -20.96774019494972 ], [ -64.188143237957732, -20.967355952684819 ], [ -64.187136381595096, -20.967089021966117 ], [ -64.185681866957069, -20.966928633509696 ], [ -64.184922909622799, -20.966847537302382 ], [ -64.184304004986771, -20.966670011544377 ], [ -64.18423118154108, -20.966649122487791 ], [ -64.183873688351312, -20.965923686126779 ], [ -64.183548741780527, -20.964458712967158 ], [ -64.183541048950644, -20.964424030269178 ], [ -64.182488027776571, -20.963619285815383 ], [ -64.181563737945766, -20.962758573692586 ], [ -64.180945727001244, -20.962244392024484 ], [ -64.180822019661306, -20.962141467659013 ], [ -64.180846880373252, -20.961367251770028 ], [ -64.181250244839575, -20.960663368041875 ], [ -64.181663162947601, -20.959661706381237 ], [ -64.182243755227617, -20.958378666452951 ], [ -64.182981310274741, -20.957147754999394 ], [ -64.183832280016006, -20.95633731440385 ], [ -64.185307698646, -20.955842588891521 ], [ -64.186448919254346, -20.955874879470343 ], [ -64.187826565821013, -20.956450338123879 ], [ -64.189586545796374, -20.956976988074231 ], [ -64.190966127346783, -20.95749286842883 ], [ -64.191961489262411, -20.958117101781049 ], [ -64.19351986042858, -20.958995678092034 ], [ -64.195026286655974, -20.959515115150261 ], [ -64.196359668517104, -20.959493161893032 ], [ -64.197256848856497, -20.95922044194511 ], [ -64.197540951061995, -20.958274696330683 ], [ -64.197632934836264, -20.957383137915556 ], [ -64.197085174523508, -20.956652351424626 ], [ -64.196639553214283, -20.956158167653555 ], [ -64.196533608306694, -20.956040676608186 ], [ -64.195905303942823, -20.955844106569469 ], [ -64.194758348685198, -20.955990547483509 ], [ -64.194003244038072, -20.955790389027346 ], [ -64.193248142911827, -20.955590226947816 ], [ -64.192688970007666, -20.955216768297941 ], [ -64.191951039731222, -20.954480597007912 ], [ -64.190269634708443, -20.953279084080005 ], [ -64.190213967586601, -20.953239304798256 ], [ -64.188382569822679, -20.95098196571265 ], [ -64.187164211647371, -20.949397659858462 ], [ -64.186973602419087, -20.947425149963017 ], [ -64.187336390580711, -20.946004776412526 ], [ -64.187520427097382, -20.94422168905686 ], [ -64.186844276372994, -20.943261787791233 ], [ -64.186792111410355, -20.943187731233859 ], [ -64.185798771684375, -20.942503935089469 ], [ -64.184530862696633, -20.942468072310795 ], [ -64.183516536620473, -20.942439374880959 ], [ -64.182914728294904, -20.942161562082042 ], [ -64.182828737943154, -20.942121865755482 ], [ -64.18223680298469, -20.940793707912519 ], [ -64.182077176049603, -20.939835439883147 ], [ -64.182635882561257, -20.938241796849745 ], [ -64.182987214494503, -20.937178766817773 ], [ -64.183453871698148, -20.936476655544805 ], [ -64.184485332248912, -20.935969345031555 ], [ -64.185580179598645, -20.935463819285335 ], [ -64.18661353594419, -20.934896936836672 ], [ -64.187333737906542, -20.934201977413618 ], [ -64.187621630912062, -20.933137138461309 ], [ -64.187467686025101, -20.932000202627073 ], [ -64.187311834308218, -20.930922823382659 ], [ -64.187029203442151, -20.9298418611797 ], [ -64.186312380415146, -20.928450579499071 ], [ -64.185465031440046, -20.927410881451095 ], [ -64.184961292774048, -20.926023236881221 ], [ -64.184387553836928, -20.924919739036021 ], [ -64.183570413829301, -20.923809359314532 ], [ -64.182944996155129, -20.922418273224661 ], [ -64.18260919073947, -20.921493176204063 ], [ -64.181733060555132, -20.920323900027718 ], [ -64.181336415003003, -20.919397081572249 ], [ -64.1810578092783, -20.918588052638217 ], [ -64.18115529030085, -20.917446309617596 ], [ -64.18174688267726, -20.916089639184616 ], [ -64.182273952230275, -20.914845590277725 ], [ -64.182682977093833, -20.913483751817726 ], [ -64.182728738937712, -20.912054417788681 ], [ -64.182228708960821, -20.910552432331773 ], [ -64.181442305152061, -20.908484406095429 ], [ -64.180092997829931, -20.906489342087099 ], [ -64.180061309970839, -20.906442488027402 ], [ -64.177490623947421, -20.904303140433093 ], [ -64.177392000075713, -20.904221063092976 ], [ -64.175904797383211, -20.901735014661849 ], [ -64.175138148356808, -20.89992505077522 ], [ -64.174870886337899, -20.898367654127433 ], [ -64.175542807337308, -20.897194485743952 ], [ -64.177161529674748, -20.896167310738189 ], [ -64.178486236347183, -20.89441649293191 ], [ -64.179215763602045, -20.893423757754146 ], [ -64.180064406249016, -20.892672822767757 ], [ -64.180797724758449, -20.89156096661803 ], [ -64.180835831244693, -20.89036985546025 ], [ -64.180493698685368, -20.889168001250777 ], [ -64.179612187634135, -20.887749376076357 ], [ -64.179588844171846, -20.887711809611115 ], [ -64.178724507757678, -20.886972072333965 ], [ -64.177222656308103, -20.886333529503389 ], [ -64.175955235801652, -20.886297694337721 ], [ -64.174115572658707, -20.886305273135026 ], [ -64.17323982947714, -20.885922844222002 ], [ -64.171467364211466, -20.88581307750534 ], [ -64.170382434155314, -20.886020802227897 ], [ -64.168661889459472, -20.886270127820062 ], [ -64.166557300376581, -20.88662777120625 ], [ -64.164450795597602, -20.887044941497798 ], [ -64.160374237952354, -20.88736301966274 ], [ -64.158842586518219, -20.88782820008938 ], [ -64.157895145752363, -20.888888556770844 ], [ -64.157679421674558, -20.890282933637113 ], [ -64.157626620664558, -20.891464577547687 ], [ -64.157781238118972, -20.893757909661648 ], [ -64.15778145927878, -20.896118387327125 ], [ -64.158401555915589, -20.898138819139238 ], [ -64.159500940491739, -20.899457563260295 ], [ -64.160527509633368, -20.900674095896566 ], [ -64.160479266309409, -20.902174848812294 ], [ -64.160207458522706, -20.903526195200037 ], [ -64.158504435120619, -20.904407722420473 ], [ -64.157423609280301, -20.904877728932696 ], [ -64.155566152959977, -20.9058263631978 ], [ -64.153724897125386, -20.90863519015765 ], [ -64.152342198452857, -20.911385499715497 ], [ -64.150807328051613, -20.914131459622702 ], [ -64.149820924965326, -20.916392308059958 ], [ -64.148080818788785, -20.918417096649179 ], [ -64.147486160524039, -20.920331432752256 ], [ -64.146672528523212, -20.921953412338198 ], [ -64.145261925885748, -20.923200729754139 ], [ -64.143816782100146, -20.923159538502301 ], [ -64.14249716018665, -20.922277498395736 ], [ -64.142475402525676, -20.922262955414592 ], [ -64.141445201083542, -20.921160655638971 ], [ -64.140066013664352, -20.919082940385131 ], [ -64.139993303723898, -20.918973403389018 ], [ -64.138785622274526, -20.918652838412111 ], [ -64.137167627711861, -20.919250414699288 ], [ -64.135305270463135, -20.920341690433801 ], [ -64.133376080825741, -20.921144921343096 ], [ -64.131979282116106, -20.921963340649171 ], [ -64.131167798640007, -20.923513749967523 ], [ -64.13066053447902, -20.925072848937653 ], [ -64.129422748153402, -20.925681203509576 ], [ -64.12711548364868, -20.926402006714028 ], [ -64.12551822858272, -20.926356302420132 ], [ -64.124158426351713, -20.926031273817848 ], [ -64.122777427745064, -20.924926811737066 ], [ -64.122674331179056, -20.924844358119557 ], [ -64.122031532590228, -20.923538473342429 ], [ -64.122163223183762, -20.92182560710593 ], [ -64.1217717846516, -20.919811656069374 ], [ -64.121214334126833, -20.918222110254234 ], [ -64.120053094810359, -20.916472220844373 ], [ -64.119345879953102, -20.914806859398627 ], [ -64.118047861130478, -20.913373359349297 ], [ -64.11794957086002, -20.913264808866099 ], [ -64.116007012282637, -20.912136253863462 ], [ -64.11411965321156, -20.911652997624604 ], [ -64.11235655639436, -20.912031595344139 ], [ -64.110272994648597, -20.912901657507895 ], [ -64.108493617567277, -20.913780421646816 ], [ -64.106543524354862, -20.915226463961151 ], [ -64.104971331990896, -20.91675485959831 ], [ -64.103177927270707, -20.918062301883612 ], [ -64.10133171323389, -20.918652952613133 ], [ -64.099715977642362, -20.919178685248855 ], [ -64.097667205624631, -20.918976694562083 ], [ -64.096008027296719, -20.918499796738924 ], [ -64.092986923425244, -20.917769091817874 ], [ -64.090410504198701, -20.91740877185719 ], [ -64.085180676071758, -20.919046077155755 ], [ -64.081980793248192, -20.921457050988167 ], [ -64.079670239756993, -20.922277215690961 ], [ -64.077577064845642, -20.923432631657782 ], [ -64.076928870431317, -20.924629788148238 ], [ -64.076442132096219, -20.925545515753086 ], [ -64.07558915962197, -20.926021515869099 ], [ -64.074798190684902, -20.926928440003149 ], [ -64.074237716601743, -20.927770502803973 ], [ -64.07412419844303, -20.928911583038666 ], [ -64.074395638466342, -20.929920751525234 ], [ -64.074130004476572, -20.931057430717001 ], [ -64.073488765281056, -20.932040197161587 ], [ -64.072103347951909, -20.932500765705392 ], [ -64.070803355701983, -20.932677704189725 ], [ -64.069508051077165, -20.932711724153833 ], [ -64.068058290920746, -20.932812781622111 ], [ -64.066599148555838, -20.933199642986658 ], [ -64.065579916457267, -20.93409989422728 ], [ -64.065064913056389, -20.93587301673702 ], [ -64.065326904082255, -20.937168005581956 ], [ -64.06497573170013, -20.938588264027434 ], [ -64.064555533294808, -20.939791954658254 ], [ -64.063595861433626, -20.94119456288562 ], [ -64.063166246758101, -20.942684060284115 ], [ -64.062796240339352, -20.944675936573528 ], [ -64.062677880984097, -20.946732327917605 ], [ -64.062984293241854, -20.948219333881806 ], [ -64.063026196708847, -20.950032433477283 ], [ -64.062974507696993, -20.951604412086965 ], [ -64.062371263232066, -20.952969659154796 ], [ -64.061737666102459, -20.953714167596949 ], [ -64.060809199944373, -20.954164025473542 ], [ -64.059679453451523, -20.954560351602467 ], [ -64.058500558688365, -20.954907559592154 ], [ -64.057690752632595, -20.954836354755805 ], [ -64.057140776143527, -20.954581972357005 ], [ -64.056495655770192, -20.954134100232476 ], [ -64.055798260070247, -20.953732388317249 ], [ -64.054931477009589, -20.953850238531476 ], [ -64.0546606645228, -20.95436685370106 ], [ -64.054331291488197, -20.955120170007095 ], [ -64.054052625885021, -20.955874959141877 ], [ -64.052819865054332, -20.95631591951242 ], [ -64.051604373073602, -20.9562328858533 ], [ -64.05069472067099, -20.956111061996744 ], [ -64.049980086802435, -20.955618264716122 ], [ -64.04990062894332, -20.955563471341556 ], [ -64.049490978014632, -20.954922056912174 ], [ -64.049466228576364, -20.954883304318351 ], [ -64.048429596732191, -20.953994888809707 ], [ -64.047252270339413, -20.95429438107848 ], [ -64.046549030223318, -20.955608953582399 ], [ -64.046459020365603, -20.956798339461269 ], [ -64.045986902722944, -20.957261392577625 ], [ -64.04491254179554, -20.957516181393018 ], [ -64.043739903834961, -20.957672738989196 ], [ -64.04263370844356, -20.95735442408267 ], [ -64.041667690927639, -20.957402555885885 ], [ -64.040308294426751, -20.958602603725613 ], [ -64.037848982460901, -20.959293753207035 ], [ -64.035088542512028, -20.959880713747463 ], [ -64.031190373603735, -20.961101902320497 ], [ -64.025561669464096, -20.962463098538432 ], [ -64.022661474932733, -20.962000509300466 ], [ -64.022633083122471, -20.961995980088531 ], [ -64.021853319575371, -20.961019579659567 ], [ -64.020902334803807, -20.959084586158681 ], [ -64.019631311082449, -20.957617009922831 ], [ -64.018649617429787, -20.95618189479314 ], [ -64.018566306908042, -20.956060103475366 ], [ -64.016842229078193, -20.956009607343965 ], [ -64.015625236460352, -20.955973952170414 ], [ -64.013587426364182, -20.956200300265664 ], [ -64.012494664067617, -20.955734507617809 ], [ -64.01238626624415, -20.95568830192996 ], [ -64.012040751270291, -20.953866391808727 ], [ -64.011888570209521, -20.952336221562561 ], [ -64.012246611881622, -20.95072565206554 ], [ -64.012690232505037, -20.949594373622958 ], [ -64.011916920790924, -20.948427423894746 ], [ -64.011457292177937, -20.947191022825603 ], [ -64.011451011559728, -20.947174127790735 ], [ -64.010367162542792, -20.946188783743949 ], [ -64.009261167395394, -20.945870281373711 ], [ -64.007632304869261, -20.94601321656755 ], [ -64.006390068308946, -20.946739617949412 ], [ -64.005705576728374, -20.949008076353138 ], [ -64.005645369689631, -20.950818075435503 ], [ -64.006307717343645, -20.952267859515352 ], [ -64.007280650403999, -20.953536046431296 ], [ -64.007537364689028, -20.954973925127497 ], [ -64.007467654976509, -20.957069717053898 ], [ -64.007515197976289, -20.958692169574061 ], [ -64.007737050365051, -20.961177946189245 ], [ -64.008808289550032, -20.962544377220784 ], [ -64.0088796531291, -20.962601525809781 ], [ -64.010291564731986, -20.963732182897651 ], [ -64.010302027976323, -20.963765053937216 ], [ -64.010934981616373, -20.965753549951881 ], [ -64.010833593963682, -20.968801987339575 ], [ -64.010045979188206, -20.971115108421024 ], [ -64.008726644427085, -20.972625920991227 ], [ -64.00791838005577, -20.974032531735013 ], [ -64.005737214449951, -20.976650351530388 ], [ -64.004419765711745, -20.978101572394429 ], [ -64.00334991205392, -20.979738848945043 ], [ -64.003413194032078, -20.981647825187334 ], [ -64.004249851740596, -20.984342388000876 ], [ -64.005302121973841, -20.98628044176672 ], [ -64.006747462113381, -20.988611471537556 ], [ -64.008192842678895, -20.990942497038844 ], [ -64.009844316704061, -20.993184215685538 ], [ -64.010078823640598, -20.995288947514297 ], [ -64.009603230638533, -20.997372815350516 ], [ -64.008458784321647, -20.998197389877546 ], [ -64.006594692466962, -20.999286864330905 ], [ -64.005859170916722, -21.000028083741245 ], [ -64.004676550957157, -21.001995773110014 ], [ -64.003601700575103, -21.003775908486737 ], [ -64.003040417074999, -21.005380437454754 ], [ -64.001597891649084, -21.006005464165579 ], [ -63.998741454678154, -21.00639811942737 ], [ -63.996506433111641, -21.00642761897787 ], [ -63.994205010165992, -21.005406229115653 ], [ -63.992192025822902, -21.004870093704877 ], [ -63.989586333776586, -21.003839675297819 ], [ -63.987423939320763, -21.003660725430908 ], [ -63.867670919037671, -21.003697691679747 ], [ -63.754978539547494, -21.003655536867175 ], [ -63.751772664959049, -21.003653245484326 ], [ -63.751529344190459, -21.003653069584221 ], [ -63.723992998225256, -21.003671153965591 ], [ -63.71473092116144, -21.003676442666432 ], [ -63.614675449618701, -21.003699778437895 ], [ -63.595360972408614, -21.003697511863553 ], [ -63.532552427611819, -21.003674990988721 ], [ -63.507630398181639, -21.00365963220619 ], [ -63.501962687281193, -21.003655628917492 ], [ -63.501517241411655, -21.003655306678336 ], [ -63.256603756668206, -21.00366114840369 ], [ -63.251577837304247, -21.003657578363029 ], [ -63.251505110171188, -21.003657527118847 ], [ -63.001747071197762, -21.003659912973788 ], [ -63.001569710091616, -21.003659783652409 ], [ -63.001492950568441, -21.003659728320148 ], [ -62.261346908392014, -20.992515082830955 ], [ -62.26123956611054, -21.003673043287691 ], [ -62.260665159253747, -21.058500006859997 ], [ -62.296451489675974, -21.170144997376532 ], [ -62.350414836013094, -21.338181371565213 ], [ -62.403721448297738, -21.503795951389364 ], [ -62.457366123708653, -21.670079518948139 ], [ -62.511526507950265, -21.837570328493996 ], [ -62.565356215122421, -22.003645733423497 ], [ -62.619456742748255, -22.170158976933255 ], [ -62.62028319906296, -22.172699581980549 ], [ -62.621124472878705, -22.174979136323255 ], [ -62.622717646127867, -22.179505890261858 ], [ -62.623488741845399, -22.183070589300229 ], [ -62.624715983248812, -22.186172139240128 ], [ -62.625694507226967, -22.189838296667066 ], [ -62.627248087195348, -22.194912401098264 ], [ -62.628591157354876, -22.199552861576059 ], [ -62.629668669051036, -22.203333506290203 ], [ -62.630820095387364, -22.20699950519813 ], [ -62.632182789778007, -22.211914350147065 ], [ -62.633668859648601, -22.216783259665505 ], [ -62.635153746391588, -22.220609398815572 ], [ -62.636689562052531, -22.225650116290854 ], [ -62.638051509355982, -22.229671123678237 ], [ -62.639834757912872, -22.235112683587598 ], [ -62.641420364314271, -22.240244984754487 ], [ -62.643636270469152, -22.2461445092875 ], [ -62.643883664109786, -22.246648499238187 ], [ -62.646082285031135, -22.248594706467202 ], [ -62.648441227353949, -22.250449075963193 ], [ -62.651367870045206, -22.252360224987243 ], [ -62.657589280111466, -22.250160496300175 ], [ -62.665459576218829, -22.244727002725067 ], [ -62.668807877370369, -22.240335703669587 ], [ -62.672259226325558, -22.235705508725832 ], [ -62.676480132858089, -22.231267992342271 ], [ -62.67936564677273, -22.226875541534216 ], [ -62.681226344148101, -22.221477100634765 ], [ -62.683752468380384, -22.216921316712465 ], [ -62.685769014334312, -22.210566992083887 ], [ -62.687784952718921, -22.204403859220573 ], [ -62.688580012189391, -22.199005892180665 ], [ -62.689090355896688, -22.194443514907139 ], [ -62.689659874133248, -22.192245507619813 ], [ -62.691048514784356, -22.191052988100271 ], [ -62.694176880727262, -22.19244527699772 ], [ -62.696942579825333, -22.195414443021996 ], [ -62.702759321695105, -22.203814069505842 ], [ -62.709379507746526, -22.21121321750061 ], [ -62.712663890963263, -22.211936144727467 ], [ -62.716926297898347, -22.211417742524787 ], [ -62.720418840844147, -22.210754489219763 ], [ -62.722906186807599, -22.206883077059594 ], [ -62.724444356591327, -22.200052716209601 ], [ -62.724784206029973, -22.19425914728663 ], [ -62.727212653899713, -22.186136124949016 ], [ -62.72968647856235, -22.180977139913683 ], [ -62.732730391295014, -22.175541769683086 ], [ -62.736282486336606, -22.169954179551958 ], [ -62.744410518443047, -22.162595331404603 ], [ -62.748368912600029, -22.158968176446574 ], [ -62.752789161479818, -22.155246007806241 ], [ -62.755518790848178, -22.152658993080909 ], [ -62.75942050952608, -22.151852079077806 ], [ -62.76280602478748, -22.152813174328465 ], [ -62.765625238280727, -22.15487294253888 ], [ -62.767827731230284, -22.157505467750795 ], [ -62.770542061837482, -22.16104701301791 ], [ -62.771923167851291, -22.163917359017667 ], [ -62.774481078326538, -22.169131855029043 ], [ -62.776055825840565, -22.172987251227841 ], [ -62.778363173554169, -22.174520221019154 ], [ -62.780261946341533, -22.174761824872839 ], [ -62.782212792157033, -22.174525410524229 ], [ -62.784062580294432, -22.173237088581498 ], [ -62.785297424386023, -22.171278642199074 ], [ -62.786535913038541, -22.166882043922207 ], [ -62.790293942935584, -22.159285634553196 ], [ -62.794201633707033, -22.154366504849314 ], [ -62.797492400766856, -22.150020194056811 ], [ -62.800320431194358, -22.146151318911361 ], [ -62.807133378289407, -22.140156948946061 ], [ -62.812145076931913, -22.13382836356719 ], [ -62.813587000341144, -22.129921788986145 ], [ -62.813206727001806, -22.12645534042861 ], [ -62.81193100999333, -22.121135334711493 ], [ -62.810719920219917, -22.115516597566231 ], [ -62.807903299809112, -22.111628977491574 ], [ -62.806495249674761, -22.109535751207058 ], [ -62.807075760561879, -22.107086319825207 ], [ -62.810287065130268, -22.10349258708975 ], [ -62.811639946158444, -22.098832946496877 ], [ -62.810881180790254, -22.090764592893947 ], [ -62.808706972204881, -22.086339886579417 ], [ -62.803331837865358, -22.078397492339203 ], [ -62.801543409809618, -22.07349507676895 ], [ -62.799752156268561, -22.07068420925248 ], [ -62.796486907210614, -22.067512940697757 ], [ -62.793094105229578, -22.063982888712328 ], [ -62.793353238180252, -22.062130677934913 ], [ -62.796306814731544, -22.058967138706663 ], [ -62.801815535066879, -22.056227616380841 ], [ -62.80743563319492, -22.054971871529439 ], [ -62.812598016578796, -22.053118232201523 ], [ -62.814657272339524, -22.047072922373772 ], [ -62.814215808463651, -22.041514791338592 ], [ -62.81537339683095, -22.038599837355417 ], [ -62.816722706955886, -22.03609145204247 ], [ -62.816982401851682, -22.033522082195024 ], [ -62.812499549210898, -22.030540986985088 ], [ -62.808656514154208, -22.027530201676434 ], [ -62.806419018081847, -22.024259158868986 ], [ -62.80366855803689, -22.020251993071703 ], [ -62.801238861675046, -22.016125649778161 ], [ -62.800605130598399, -22.011009453170839 ], [ -62.801508165323625, -22.006827371302382 ], [ -62.802793246797521, -22.004378772383774 ], [ -62.804782782841933, -22.002229801772152 ], [ -62.807725490640458, -22.003895702544646 ], [ -62.817139021894732, -22.003894955690292 ], [ -62.864642657444712, -22.003790598746676 ], [ -62.904450376606484, -22.003744935217323 ], [ -63.001488335111937, -22.003643694713123 ], [ -63.005020679004282, -22.003638926395674 ], [ -63.015903767833755, -22.003665742760308 ], [ -63.030275413496007, -22.003664496298896 ], [ -63.039188525654616, -22.003661551803276 ], [ -63.057142578202658, -22.003630377226923 ], [ -63.079470249687837, -22.003648037079824 ], [ -63.098003872059429, -22.003637811730755 ], [ -63.123437295680361, -22.003673232241226 ], [ -63.169196286536938, -22.003658031000985 ], [ -63.187401240526398, -22.00374608411526 ], [ -63.216109866250946, -22.003657872813349 ], [ -63.231876535856301, -22.003642800014795 ], [ -63.246634755762344, -22.003558358085005 ], [ -63.251975382678992, -22.003557549297913 ], [ -63.310510387670128, -22.003537299786231 ], [ -63.312839287646398, -22.003537717261601 ], [ -63.374388756508147, -22.003514253073092 ], [ -63.379794500968764, -22.003516334085251 ], [ -63.405700782597343, -22.003519073721048 ], [ -63.433115490970309, -22.003523357750272 ], [ -63.455358635654136, -22.00352531076112 ], [ -63.480406260636173, -22.003525515789459 ], [ -63.497744741917934, -22.003524612226595 ], [ -63.49897205762398, -22.0035280836615 ], [ -63.501864561853509, -22.00350983801934 ], [ -63.502664330925882, -22.003504784665122 ], [ -63.666877083125684, -22.003470594830972 ], [ -63.667059342054628, -22.003463873430857 ], [ -63.667056610663721, -22.003480641466698 ], [ -63.667019105859879, -22.003804780497074 ], [ -63.667087737101362, -22.003977546320002 ], [ -63.667399036117565, -22.004548381456683 ], [ -63.667509843172752, -22.004778052533162 ], [ -63.66763692549538, -22.005554184226437 ], [ -63.667624494355692, -22.005829093641015 ], [ -63.667654847843458, -22.006452212643676 ], [ -63.66779285223808, -22.006630631818027 ], [ -63.668033968874518, -22.006859772075071 ], [ -63.668173097862031, -22.007277893244179 ], [ -63.668338588931036, -22.007468981609382 ], [ -63.668815212530291, -22.008192554960182 ], [ -63.668912067694066, -22.008371140775996 ], [ -63.669114249260886, -22.009070257316001 ], [ -63.669190888678912, -22.00932563192891 ], [ -63.66919888758337, -22.009568503867239 ], [ -63.669386515969336, -22.010088698488939 ], [ -63.669566449815456, -22.010433142076764 ], [ -63.66969080361838, -22.010624398195564 ], [ -63.669842341991185, -22.010764411427481 ], [ -63.67012697623408, -22.011491952199304 ], [ -63.670214529195029, -22.012607034318766 ], [ -63.670334099016841, -22.013239372586295 ], [ -63.670268118042863, -22.013792565428222 ], [ -63.670111398152663, -22.014010543535278 ], [ -63.669926992497452, -22.014177495658767 ], [ -63.669406308721214, -22.014297875736965 ], [ -63.669063378776109, -22.014299276366291 ], [ -63.668371074482884, -22.01438839268739 ], [ -63.668097155429948, -22.014478998981822 ], [ -63.667754375711716, -22.014512357063772 ], [ -63.6674195554844, -22.014778994115765 ], [ -63.667379756988069, -22.015066805446668 ], [ -63.667435907901272, -22.015341443909552 ], [ -63.667595741589864, -22.015785046907958 ], [ -63.667840362611393, -22.016758857561328 ], [ -63.66765228984957, -22.01760659103164 ], [ -63.667653606767139, -22.017887839188088 ], [ -63.667834771961978, -22.018491166160999 ], [ -63.668591559677751, -22.018983474226204 ], [ -63.668901343164514, -22.019225114500866 ], [ -63.669232097174024, -22.019549772550665 ], [ -63.669479481082647, -22.019647838206886 ], [ -63.669596414195865, -22.019717671201327 ], [ -63.669699865888951, -22.019838701095711 ], [ -63.669826495879768, -22.020512556822869 ], [ -63.669985025173439, -22.020678107005043 ], [ -63.670269717160636, -22.02141524081599 ], [ -63.670463087957138, -22.021695712528839 ], [ -63.670658018031354, -22.022305363951187 ], [ -63.670713698078352, -22.022477722282076 ], [ -63.670803644072151, -22.022643550233425 ], [ -63.670982495134169, -22.022751487183832 ], [ -63.671106219664594, -22.022808508963227 ], [ -63.671230163058425, -22.022910275861236 ], [ -63.671204014929003, -22.023182049215386 ], [ -63.671143040315719, -22.023342109501257 ], [ -63.67091061588043, -22.023509259064511 ], [ -63.670739917670168, -22.023676154997041 ], [ -63.670767958016505, -22.023803878472375 ], [ -63.670940718065417, -22.024074840855359 ], [ -63.671161924233424, -22.02443828160688 ], [ -63.670958305503923, -22.0248961592448 ], [ -63.670462485039721, -22.025936919736903 ], [ -63.670313094361653, -22.026257142537755 ], [ -63.669919009341385, -22.027054579940213 ], [ -63.669796835899696, -22.027329945414969 ], [ -63.669826109101557, -22.02771974756941 ], [ -63.670088430158472, -22.028073437955246 ], [ -63.670989235630188, -22.028545965962127 ], [ -63.671918509978774, -22.029235710255804 ], [ -63.672200760799853, -22.02945189008171 ], [ -63.672910308563331, -22.030091389081065 ], [ -63.673164941893994, -22.030269324868826 ], [ -63.67346067695248, -22.03043430644534 ], [ -63.673765292220622, -22.031024332232185 ], [ -63.673755468035537, -22.031845762826723 ], [ -63.673743107037303, -22.032133463442214 ], [ -63.673833437161655, -22.032375995556137 ], [ -63.674260763504257, -22.032805706074704 ], [ -63.674584004857579, -22.032983356521189 ], [ -63.674824684485621, -22.033110203646867 ], [ -63.675108004108338, -22.033546901049885 ], [ -63.675126102487582, -22.034470499160673 ], [ -63.675086587613016, -22.034815838003233 ], [ -63.674897869848827, -22.035522950757009 ], [ -63.67489902117731, -22.035765849330208 ], [ -63.674934959103254, -22.036110879450941 ], [ -63.674977443818904, -22.036391956228925 ], [ -63.675479065605955, -22.036572066802066 ], [ -63.675780563279673, -22.036500502385412 ], [ -63.675986229756646, -22.036474088038801 ], [ -63.676178388518096, -22.036492474607915 ], [ -63.676151098791593, -22.036524547830481 ], [ -63.676275239511909, -22.03666465683845 ], [ -63.676305065527544, -22.037166324184593 ], [ -63.676237565406225, -22.037396713336356 ], [ -63.676142289545773, -22.037556917104936 ], [ -63.675546488851566, -22.037767118388658 ], [ -63.675121825326656, -22.037903105136881 ], [ -63.67463547420769, -22.038048928043676 ], [ -63.674327789227689, -22.038261137516468 ], [ -63.674137141650782, -22.038562353281641 ], [ -63.674145892726507, -22.038961822923795 ], [ -63.67435265364665, -22.039165517946941 ], [ -63.674518442755307, -22.039407738980874 ], [ -63.67454765659442, -22.039781559217555 ], [ -63.674363525254087, -22.040012428792625 ], [ -63.674295900538738, -22.040217262711941 ], [ -63.674352025427154, -22.040479106518418 ], [ -63.674537902508419, -22.040618970170236 ], [ -63.674976856627104, -22.040601181408281 ], [ -63.675244212325886, -22.040561721388269 ], [ -63.675868467105794, -22.040562345496706 ], [ -63.676604790615379, -22.04104830025053 ], [ -63.676770392850152, -22.041252162473359 ], [ -63.677452488541086, -22.041872581977234 ], [ -63.677782004351833, -22.041922350012314 ], [ -63.678436573115619, -22.042523700502556 ], [ -63.678616603663841, -22.04287452804768 ], [ -63.678604201567381, -22.043149443825399 ], [ -63.678503634306686, -22.04363885716451 ], [ -63.678244414481092, -22.043946748734029 ], [ -63.677785609766332, -22.044118043094226 ], [ -63.677456906775042, -22.044240855312488 ], [ -63.67742955679136, -22.044260147113647 ], [ -63.677265742192773, -22.044433407968043 ], [ -63.676897482081202, -22.044891973308196 ], [ -63.676665485613555, -22.045155016476208 ], [ -63.676645825165252, -22.045346859334575 ], [ -63.676687981621306, -22.04555762641586 ], [ -63.676887773647891, -22.045735780200669 ], [ -63.677176344573155, -22.04582727465273 ], [ -63.677300373511336, -22.04594182573237 ], [ -63.677376683028939, -22.046120490189189 ], [ -63.677646710830601, -22.046640331044369 ], [ -63.677860470809719, -22.046869566074577 ], [ -63.678403683154407, -22.04713258950423 ], [ -63.678603144865683, -22.047240430466974 ], [ -63.678864839989473, -22.047450287528996 ], [ -63.679290853673685, -22.047592340863975 ], [ -63.679531541900694, -22.047712792929065 ], [ -63.679758569212403, -22.047846085718362 ], [ -63.680008637563716, -22.048493853417487 ], [ -63.679811332707786, -22.048839847472678 ], [ -63.679504395938288, -22.049211863911779 ], [ -63.679293249245248, -22.049529151858977 ], [ -63.679116136792196, -22.049791969191499 ], [ -63.678502480929552, -22.050583938755604 ], [ -63.678414274547166, -22.050788849472063 ], [ -63.678443241504134, -22.051108339811996 ], [ -63.67867806413588, -22.051436560757406 ], [ -63.678857345127398, -22.051627590197185 ], [ -63.679111301690639, -22.051652102634741 ], [ -63.679440523769031, -22.051634755727793 ], [ -63.679625505820063, -22.051582847258508 ], [ -63.679858881885835, -22.051607443802993 ], [ -63.680216645543901, -22.05182009705662 ], [ -63.680422883494899, -22.051908730379793 ], [ -63.680712055145868, -22.052124865131283 ], [ -63.681112762596499, -22.052708079464324 ], [ -63.681348435786546, -22.053212075090968 ], [ -63.681610963776791, -22.053594515356039 ], [ -63.682023745899237, -22.053832499839462 ], [ -63.682918199080277, -22.054368909028543 ], [ -63.683441374595162, -22.054737465253339 ], [ -63.683606205763333, -22.05477513679865 ], [ -63.683658130252866, -22.054158077343907 ], [ -63.683621920242416, -22.053761912031561 ], [ -63.683584599317641, -22.053132441625991 ], [ -63.683829916839663, -22.052786241889685 ], [ -63.683795059647181, -22.052671323912818 ], [ -63.683670588400396, -22.052467297861909 ], [ -63.683312550729326, -22.052197125960234 ], [ -63.683304891236908, -22.052030960882618 ], [ -63.683386353803506, -22.051851641995643 ], [ -63.683473106001628, -22.051343106702209 ], [ -63.683326793890359, -22.050877089034817 ], [ -63.683482083824906, -22.050355484365991 ], [ -63.683481193134853, -22.050170113533998 ], [ -63.683439321957749, -22.050023269857245 ], [ -63.68332177593728, -22.049831999382896 ], [ -63.683300210635636, -22.049627533625554 ], [ -63.683395586772946, -22.049486515739886 ], [ -63.683573856541024, -22.049466591723501 ], [ -63.683710558324243, -22.049360549130913 ], [ -63.683806415165975, -22.04932180164694 ], [ -63.683929226629196, -22.049180658466629 ], [ -63.684010685429229, -22.049001337505612 ], [ -63.684010316986154, -22.048924633335339 ], [ -63.68396856816144, -22.04880335598763 ], [ -63.683747715897262, -22.048526224782918 ], [ -63.683712161485062, -22.048264300092161 ], [ -63.683732375266416, -22.048187507739101 ], [ -63.68375264203128, -22.048123500010799 ], [ -63.683896462023299, -22.048071768234493 ], [ -63.684081346737393, -22.048000676378916 ], [ -63.684231596639343, -22.047859425722063 ], [ -63.684258071889111, -22.047657959252899 ], [ -63.684216415795646, -22.04755586092341 ], [ -63.684030826517159, -22.047479929782945 ], [ -63.683886298190238, -22.047384646624135 ], [ -63.683713939130477, -22.047206387520447 ], [ -63.683678959624231, -22.047065904418623 ], [ -63.683979752976875, -22.046844121478824 ], [ -63.68441717155563, -22.046503514247277 ], [ -63.684957226116261, -22.046108137429982 ], [ -63.684970239952833, -22.045961064378915 ], [ -63.685010297107986, -22.045730786795389 ], [ -63.684981930984257, -22.04553913408559 ], [ -63.68489899843938, -22.045411642477998 ], [ -63.68480302024637, -22.045424826712075 ], [ -63.684707380846305, -22.04550832004848 ], [ -63.684577498801431, -22.045604750087282 ], [ -63.684467369539796, -22.045528502385793 ], [ -63.684473552381192, -22.045387855308093 ], [ -63.684514178929518, -22.045275818841418 ], [ -63.684630185820993, -22.045147485012375 ], [ -63.68494503869745, -22.044999152038326 ], [ -63.685177777578851, -22.044895905807973 ], [ -63.685348390503627, -22.044709816549947 ], [ -63.685361282225031, -22.044537179050756 ], [ -63.685271780837255, -22.044470433052219 ], [ -63.68506588963713, -22.044452114240194 ], [ -63.684887707786523, -22.044491218111091 ], [ -63.684668495703043, -22.044556056829034 ], [ -63.684551346118823, -22.044444681383773 ], [ -63.684529913287378, -22.044265791353414 ], [ -63.684597802374981, -22.044118490244401 ], [ -63.68474109686354, -22.043958089449198 ], [ -63.685061899722136, -22.043621158186092 ], [ -63.685191748263819, -22.043518341894433 ], [ -63.685390284649436, -22.043434409564231 ], [ -63.68563708283304, -22.043401413435294 ], [ -63.685877151202007, -22.043394021696066 ], [ -63.685938670697396, -22.043349018730098 ], [ -63.685931317573385, -22.043246768563712 ], [ -63.68582786474186, -22.043132145321842 ], [ -63.685662737997909, -22.043030564372188 ], [ -63.685613416676837, -22.042759104398929 ], [ -63.685639440911224, -22.042464950963588 ], [ -63.685734339112656, -22.042228045648756 ], [ -63.68610918895196, -22.041718301316553 ], [ -63.686367956706349, -22.041320900897794 ], [ -63.686455528126217, -22.040988140661842 ], [ -63.686543812052179, -22.040802396165624 ], [ -63.686583833297014, -22.04056572054979 ], [ -63.68655552823185, -22.040386860093705 ], [ -63.6864319276402, -22.040361812394178 ], [ -63.686329340547303, -22.040426165591594 ], [ -63.68619305959632, -22.04061530076936 ], [ -63.685776214133803, -22.040949439542086 ], [ -63.685378840599128, -22.041053375998807 ], [ -63.684994592060775, -22.041035813254116 ], [ -63.684788214275898, -22.040915224558276 ], [ -63.684746477372322, -22.040793947408524 ], [ -63.68483512972491, -22.04068490887477 ], [ -63.685170322994963, -22.040488546457002 ], [ -63.685977057966745, -22.039919467763681 ], [ -63.686093367951059, -22.039855057010058 ], [ -63.686278587955698, -22.039854280204956 ], [ -63.686607754336592, -22.039833730505428 ], [ -63.686798802607051, -22.039618789760322 ], [ -63.686804738748116, -22.039427001698442 ], [ -63.686725630668036, -22.038669860575194 ], [ -63.686642330470661, -22.038465665117101 ], [ -63.686408543403012, -22.038351579380141 ], [ -63.686044553644585, -22.038263614618828 ], [ -63.685920339830822, -22.038110721330565 ], [ -63.685946656261549, -22.037877302836254 ], [ -63.68588974184452, -22.037455657263511 ], [ -63.685724038356213, -22.037232626418589 ], [ -63.685448656439682, -22.037026035518718 ], [ -63.685241668543263, -22.036777603569963 ], [ -63.685219897911622, -22.036528402626509 ], [ -63.685444373744573, -22.036134345002537 ], [ -63.685620995854094, -22.035775638381395 ], [ -63.685700963538714, -22.035286306600348 ], [ -63.685700101635582, -22.03510733173065 ], [ -63.685657503571079, -22.03480707940783 ], [ -63.685560272015678, -22.034558194616803 ], [ -63.685257270259882, -22.034313361019276 ], [ -63.684619668728281, -22.032957680738498 ], [ -63.684399085011137, -22.032731678625272 ], [ -63.684214191359018, -22.032796376177856 ], [ -63.68361113179305, -22.032917146111117 ], [ -63.683597749557173, -22.032987513470612 ], [ -63.682891339859481, -22.033012837348362 ], [ -63.682972332160709, -22.032737634312689 ], [ -63.683108113040383, -22.032443032248871 ], [ -63.683106979037618, -22.032206528816513 ], [ -63.6830788336745, -22.032059619172934 ], [ -63.682906877160455, -22.031961262452143 ], [ -63.682728475655964, -22.031949221739659 ], [ -63.682563784060164, -22.031937125225031 ], [ -63.682310083847867, -22.031957361326004 ], [ -63.681959733655589, -22.031850150524729 ], [ -63.681725656580767, -22.03167214582286 ], [ -63.681731536088705, -22.031467566475964 ], [ -63.681840092557088, -22.031217823808504 ], [ -63.682128053590958, -22.031187862010484 ], [ -63.682423433116568, -22.031276120798214 ], [ -63.682690891448651, -22.031262214657701 ], [ -63.68290905944324, -22.030983250974856 ], [ -63.68308611026039, -22.030714042065345 ], [ -63.683021697859417, -22.030154994638327 ], [ -63.682738928801783, -22.029836563943341 ], [ -63.68237370872771, -22.029486511469216 ], [ -63.68237974147376, -22.029313903488092 ], [ -63.682612727640077, -22.02926498987399 ], [ -63.682873465895391, -22.029283082558084 ], [ -63.68337427443209, -22.029296976417303 ], [ -63.683813544975308, -22.029352670271976 ], [ -63.684190584666773, -22.029306352337429 ], [ -63.684326635139676, -22.029069275625265 ], [ -63.684469070697872, -22.028733089705224 ], [ -63.684557071927912, -22.028489818367262 ], [ -63.684514776296375, -22.028253486853362 ], [ -63.684375219118785, -22.027758678678801 ], [ -63.684647870979859, -22.027399579776404 ], [ -63.685182348886265, -22.02728547870959 ], [ -63.685532742625298, -22.027405464878139 ], [ -63.68594665514081, -22.027892729276953 ], [ -63.686206990600468, -22.027827724170812 ], [ -63.686253807258012, -22.027578227251961 ], [ -63.686374610263101, -22.027024801795257 ], [ -63.686268675558935, -22.02639242060534 ], [ -63.68671948434887, -22.025997412424907 ], [ -63.687426397158291, -22.026083938881879 ], [ -63.687686107447448, -22.025887889492076 ], [ -63.687705883369347, -22.02572160827572 ], [ -63.687663932018651, -22.025555587895582 ], [ -63.687580875772113, -22.02540252321257 ], [ -63.687682897436517, -22.02522311546965 ], [ -63.687777560145321, -22.024938267073797 ], [ -63.687667012730543, -22.024772534429271 ], [ -63.687487869395213, -22.024607089579675 ], [ -63.687287787789892, -22.024365025373395 ], [ -63.687197327031193, -22.02409693396547 ], [ -63.687375282383378, -22.024016283143965 ], [ -63.687601660196997, -22.024021721349293 ], [ -63.687882877166544, -22.024020540537759 ], [ -63.688170928419332, -22.024012944629959 ], [ -63.688266614459373, -22.023942221773954 ], [ -63.688286129483977, -22.023721612902197 ], [ -63.6882167091618, -22.023549312776883 ], [ -63.687907654004384, -22.023467516934673 ], [ -63.687832137816294, -22.023455050421386 ], [ -63.687687364577059, -22.023302244322533 ], [ -63.687693608192951, -22.023174370375578 ], [ -63.687705831506577, -22.022864302505667 ], [ -63.687650306180402, -22.02273030076574 ], [ -63.687512517983691, -22.022603029635892 ], [ -63.687470003100842, -22.0223219563699 ], [ -63.687592416549336, -22.022104105264912 ], [ -63.687852427204994, -22.021971976935358 ], [ -63.688173683461123, -22.021740506651206 ], [ -63.6882617357223, -22.021510016878118 ], [ -63.688224777645985, -22.020957251747632 ], [ -63.68816718601424, -22.020394979941351 ], [ -63.688227267823052, -22.020052748965902 ], [ -63.68831471262714, -22.019694421633719 ], [ -63.688523706400119, -22.018942463501059 ], [ -63.688508968205973, -22.018731584582362 ], [ -63.688480418429108, -22.01850158314182 ], [ -63.688486167071829, -22.018271438854384 ], [ -63.688525878100201, -22.017993939884448 ], [ -63.688709605729876, -22.017885041313104 ], [ -63.689106511427795, -22.017697997186758 ], [ -63.689311585548495, -22.017553315745214 ], [ -63.689338179622247, -22.017380610681066 ], [ -63.689430730629802, -22.016661103459647 ], [ -63.689449978200727, -22.016386155699692 ], [ -63.689489927501469, -22.016136697172083 ], [ -63.689515153629927, -22.015679548313702 ], [ -63.689432101207629, -22.015526482499379 ], [ -63.689314277670547, -22.015271291573249 ], [ -63.689318586157484, -22.014743918473513 ], [ -63.689310677445832, -22.01452661499783 ], [ -63.689165345437196, -22.014258754727532 ], [ -63.688944956097352, -22.014067917893442 ], [ -63.688731230534202, -22.013838696399397 ], [ -63.688641500230197, -22.013720818914429 ], [ -63.688551352794313, -22.013516651065956 ], [ -63.688550921497871, -22.01342716281054 ], [ -63.688557028518957, -22.013273723730759 ], [ -63.688692934890284, -22.013011070036747 ], [ -63.688760306748577, -22.012758298300721 ], [ -63.688759255906554, -22.012540964196141 ], [ -63.688729534754735, -22.012068073901627 ], [ -63.6888925189212, -22.011731796933844 ], [ -63.689090515794419, -22.011545588593812 ], [ -63.689330274679044, -22.011487053266411 ], [ -63.689618194600733, -22.0114570785938 ], [ -63.689844584529339, -22.011468908671951 ], [ -63.690036925884044, -22.011532023513922 ], [ -63.690284440746225, -22.011658820371188 ], [ -63.690490372766519, -22.011693113337014 ], [ -63.690710027378778, -22.011730536151155 ], [ -63.690902060292053, -22.011729727236954 ], [ -63.691101077622733, -22.011754454733577 ], [ -63.691273084071454, -22.011865597649418 ], [ -63.691452401411148, -22.012069386110362 ], [ -63.691681816276386, -22.012704442509044 ], [ -63.691820436565919, -22.013004289545115 ], [ -63.691986596768679, -22.013323199793618 ], [ -63.692207309388372, -22.013577953839523 ], [ -63.692536750839992, -22.013624504879441 ], [ -63.692933731404302, -22.01345663180302 ], [ -63.693358210989004, -22.01330142353212 ], [ -63.693632726719805, -22.013335421810019 ], [ -63.69387317083126, -22.013417508115065 ], [ -63.694148292906505, -22.013576144263826 ], [ -63.694588499275696, -22.013833164444353 ], [ -63.694849957079022, -22.014004649534197 ], [ -63.695124987128978, -22.01414410566294 ], [ -63.695454367797176, -22.014177868574478 ], [ -63.695735750771306, -22.014215022992719 ], [ -63.69594187966181, -22.014290854904583 ], [ -63.696189304775992, -22.014395275063457 ], [ -63.696347824735312, -22.014554411874691 ], [ -63.696437829571686, -22.014726612985204 ], [ -63.696548563626514, -22.014930697714 ], [ -63.696714394194515, -22.015179283901706 ], [ -63.696837989915437, -22.015207522085145 ], [ -63.697091416480802, -22.015136124854337 ], [ -63.697192917705628, -22.014854441253412 ], [ -63.697218761424686, -22.014528333633312 ], [ -63.697231806075912, -22.014390844292983 ], [ -63.697154011369264, -22.013911764273789 ], [ -63.697214617320597, -22.013681386132742 ], [ -63.697351149449482, -22.013549768817892 ], [ -63.697576573365666, -22.013363434732739 ], [ -63.697816611965308, -22.013362412547423 ], [ -63.698214957934297, -22.013472583805498 ], [ -63.69850366882541, -22.013605589554192 ], [ -63.698655247540415, -22.013745572818411 ], [ -63.698738488090939, -22.013936981972297 ], [ -63.69898754356916, -22.014373783306429 ], [ -63.699263007812988, -22.014602730245567 ], [ -63.699729375944749, -22.014597540693369 ], [ -63.69990046813524, -22.01452011348292 ], [ -63.700153693504859, -22.014410363486487 ], [ -63.700373135240511, -22.014403030449625 ], [ -63.700558557539225, -22.014450180627218 ], [ -63.70071014039933, -22.014590164042641 ], [ -63.701344126834364, -22.015197900137171 ], [ -63.701496079631895, -22.015414588023546 ], [ -63.701661821830797, -22.015643989837383 ], [ -63.701779677861843, -22.015899171171458 ], [ -63.701992907727401, -22.016022908683226 ], [ -63.702212226322025, -22.015990007528082 ], [ -63.702424683707576, -22.015957135499921 ], [ -63.702541091426816, -22.015918287473554 ], [ -63.702623171639587, -22.015873191232792 ], [ -63.702732121645447, -22.015712913436623 ], [ -63.702895582138417, -22.015478904148758 ], [ -63.702922073761144, -22.015287019107571 ], [ -63.703009623585068, -22.014960647592865 ], [ -63.703392697938639, -22.014754457298345 ], [ -63.703612440907527, -22.014807844732275 ], [ -63.703935012911622, -22.014851204333386 ], [ -63.704174810679227, -22.014799043349278 ], [ -63.704352560427466, -22.014683223342022 ], [ -63.704420599248245, -22.014571064615641 ], [ -63.704550272497464, -22.014442660376748 ], [ -63.704707389842604, -22.014314147359425 ], [ -63.704940202269739, -22.014236437721713 ], [ -63.705152736625777, -22.014219543570583 ], [ -63.705337722407911, -22.014180398578365 ], [ -63.705618474468984, -22.014089701120728 ], [ -63.705796295551366, -22.013986653497657 ], [ -63.705911877688528, -22.013781609925779 ], [ -63.70591716993026, -22.013465175621977 ], [ -63.705874726311571, -22.013203286268901 ], [ -63.705873714038873, -22.012998735171351 ], [ -63.705968782423327, -22.01280656325385 ], [ -63.706098398867212, -22.012665383948466 ], [ -63.706420188678571, -22.01255212995672 ], [ -63.706694087424452, -22.012461460326211 ], [ -63.706830678051936, -22.012345816527151 ], [ -63.706960293545713, -22.012204626660825 ], [ -63.706980300210368, -22.012089485081923 ], [ -63.706979474641088, -22.011923291836542 ], [ -63.706813816555332, -22.011709866080899 ], [ -63.706648323609677, -22.011531600440598 ], [ -63.706366374290859, -22.01137941133447 ], [ -63.706200574630238, -22.011137222251381 ], [ -63.706205930511295, -22.010833568325534 ], [ -63.706155964227037, -22.010437467876759 ], [ -63.70620092205521, -22.009820430463275 ], [ -63.706267790939286, -22.009474965851648 ], [ -63.706362538038555, -22.009218872008304 ], [ -63.706546822879886, -22.009039098099155 ], [ -63.706820160414118, -22.008836563812562 ], [ -63.7071212225773, -22.008694634598346 ], [ -63.707463375477467, -22.008539754013658 ], [ -63.707640574166909, -22.008315265736638 ], [ -63.707830787860111, -22.007946890607101 ], [ -63.707863845298633, -22.007697449868857 ], [ -63.707996996459762, -22.006888268195695 ], [ -63.708221728751205, -22.006567687650254 ], [ -63.708500392703691, -22.006058308370022 ], [ -63.708883021994268, -22.005769016923711 ], [ -63.709184237225386, -22.005659044965402 ], [ -63.709327576432273, -22.005520993518211 ], [ -63.709607258814664, -22.005219352134162 ], [ -63.709763343679519, -22.004886282804581 ], [ -63.709816294348585, -22.004502518915061 ], [ -63.709882835353625, -22.004093140473696 ], [ -63.709892717524788, -22.003698009755599 ], [ -63.711366084367214, -22.002722398544332 ], [ -63.712134811279654, -22.002293672583082 ], [ -63.713057256681203, -22.001793520617166 ], [ -63.71382630322497, -22.001149911166227 ], [ -63.714364381834542, -22.000864120497312 ], [ -63.715056287616576, -22.000435280234495 ], [ -63.71574819120773, -22.000006437424055 ], [ -63.716439658274325, -21.999864094899738 ], [ -63.717745892464144, -21.999507676362679 ], [ -63.720394444061725, -21.999383333008193 ], [ -63.720698459025606, -21.999384035769637 ], [ -63.721597222319801, -21.999386110836447 ], [ -63.752930555354233, -21.999408332888816 ], [ -63.809733333414009, -21.999416666830054 ], [ -63.817661111206277, -21.999469444775706 ], [ -63.898169444067719, -21.999430555948862 ], [ -63.900491666667314, -21.999430555195136 ], [ -63.920686111304832, -21.999436111007899 ], [ -63.930780939292269, -21.999327466265388 ], [ -63.931264173660466, -22.000132084522495 ], [ -63.931622348448727, -22.000824578834521 ], [ -63.932134165184536, -22.001445494671334 ], [ -63.932569220721142, -22.001947009816867 ], [ -63.933285861735584, -22.002567985492263 ], [ -63.933976946486332, -22.003069574787848 ], [ -63.934514504964113, -22.003332364086607 ], [ -63.934949554691237, -22.003881622132674 ], [ -63.935461407153781, -22.004454776392617 ], [ -63.936050135421603, -22.004836951626316 ], [ -63.936756852372362, -22.005394776884167 ], [ -63.937278740002675, -22.005792311963035 ], [ -63.937969821440369, -22.00637505990759 ], [ -63.938404888314857, -22.006924307967388 ], [ -63.938609547327353, -22.007425739253424 ], [ -63.938583718428781, -22.008118104311361 ], [ -63.938429826711285, -22.008953679876196 ], [ -63.937891916146803, -22.009693645307905 ], [ -63.937686843834328, -22.010433704658261 ], [ -63.937635463534882, -22.010958934079881 ], [ -63.937916966746855, -22.011364886100147 ], [ -63.938505831071467, -22.011412804165623 ], [ -63.93904353498646, -22.011317457205458 ], [ -63.939504497344231, -22.01100721518085 ], [ -63.939735096175966, -22.010482035425618 ], [ -63.939991312844178, -22.009909111349771 ], [ -63.940349986651725, -22.009192966950572 ], [ -63.94078536048734, -22.008811089560563 ], [ -63.941399864976781, -22.008715757323795 ], [ -63.942116752249589, -22.008715950573102 ], [ -63.942936045154546, -22.00874004391272 ], [ -63.943627242847484, -22.009026722836339 ], [ -63.944190434683264, -22.009289491901463 ], [ -63.944548709808608, -22.009862580180201 ], [ -63.944548575919065, -22.010316200753476 ], [ -63.944343565481518, -22.01093689180512 ], [ -63.944010550364084, -22.011509799180867 ], [ -63.943600715493538, -22.012106560661461 ], [ -63.942960488119454, -22.012560011354452 ], [ -63.942243454059629, -22.012989564949947 ], [ -63.941526461306857, -22.013275868266255 ], [ -63.940783878022408, -22.013514412566472 ], [ -63.940015681806109, -22.013776821379835 ], [ -63.939324301540914, -22.014015374656953 ], [ -63.938760932097424, -22.014277836194527 ], [ -63.938325524834269, -22.014707455090686 ], [ -63.937966952000451, -22.015065471287169 ], [ -63.937813137814146, -22.015638416200613 ], [ -63.937864172418102, -22.016163671070611 ], [ -63.93809440550389, -22.01678447434071 ], [ -63.938567438858456, -22.017494503364805 ], [ -63.939082476106329, -22.018159322465269 ], [ -63.939860503809847, -22.018632855850626 ], [ -63.940295628330638, -22.01911046485926 ], [ -63.940858661375785, -22.019955771815987 ], [ -63.941626519140449, -22.020863205746718 ], [ -63.942471220772887, -22.021699033225861 ], [ -63.943239078057708, -22.02265420633308 ], [ -63.944058211497122, -22.023418394789896 ], [ -63.944877336621879, -22.024230328529342 ], [ -63.945158833552256, -22.024779505037397 ], [ -63.945158673245786, -22.02532861023148 ], [ -63.945030506581951, -22.025806060189158 ], [ -63.944697432057488, -22.026498323583894 ], [ -63.944159559814629, -22.027023415073799 ], [ -63.943672903298634, -22.027524643498509 ], [ -63.943160659520778, -22.027954241759069 ], [ -63.942469195478047, -22.028312168992866 ], [ -63.941624100578061, -22.028646177799374 ], [ -63.941316725886196, -22.028980329797317 ], [ -63.941367773911566, -22.029505571102327 ], [ -63.941639562596194, -22.03026960999301 ], [ -63.941905169324315, -22.03057049304369 ], [ -63.942237916321105, -22.031000312258207 ], [ -63.942826683439506, -22.031573441363069 ], [ -63.943338664197519, -22.032051053315659 ], [ -63.943850640422838, -22.032552537100415 ], [ -63.944080947948237, -22.033053946509181 ], [ -63.944260001951889, -22.033698585197769 ], [ -63.944567124528582, -22.034223886231104 ], [ -63.945027896424207, -22.034725352099066 ], [ -63.945591056625169, -22.035370085090946 ], [ -63.946179875033451, -22.03584770543538 ], [ -63.946743095736771, -22.036301445056182 ], [ -63.947588036115562, -22.036612008944552 ], [ -63.948359669204422, -22.036847368811806 ], [ -63.949098785966093, -22.036827232306951 ], [ -63.949636531649539, -22.036827358301217 ], [ -63.950404783479904, -22.036660420319109 ], [ -63.950993780118132, -22.036517313170908 ], [ -63.951762030441877, -22.036350370269538 ], [ -63.952504684024319, -22.036135672352735 ], [ -63.953042421761964, -22.036159663175809 ], [ -63.953298442924776, -22.03635070776836 ], [ -63.953451965558841, -22.03682821383109 ], [ -63.953323776533587, -22.037448900020095 ], [ -63.953118783354768, -22.03799794821095 ], [ -63.952836901661399, -22.038809587647567 ], [ -63.952555017531935, -22.039621225515695 ], [ -63.952145063317211, -22.04055220087929 ], [ -63.95173520932623, -22.041077326101153 ], [ -63.951052820532666, -22.041525121778964 ], [ -63.95024975495582, -22.041898234496674 ], [ -63.949839950108363, -22.042208493906767 ], [ -63.949558156920098, -22.042614276190282 ], [ -63.949609249943684, -22.04306788169303 ], [ -63.949839605829617, -22.043497655505707 ], [ -63.95035163692291, -22.043975240463759 ], [ -63.950966164345232, -22.044214113972352 ], [ -63.95152949562862, -22.04438135441422 ], [ -63.952348902911446, -22.044572522890178 ], [ -63.953142727067011, -22.044668189112997 ], [ -63.954039006969367, -22.04466838158552 ], [ -63.95470482674434, -22.044620775388253 ], [ -63.955165730992007, -22.044787984734498 ], [ -63.955370527056857, -22.045074506709959 ], [ -63.955472869211384, -22.045456499766981 ], [ -63.95547272772022, -22.046053330935194 ], [ -63.955293373428766, -22.04645913802845 ], [ -63.955011511307134, -22.047175275585701 ], [ -63.954652902531592, -22.04755717111944 ], [ -63.954191892962413, -22.047795805537316 ], [ -63.953628442005183, -22.048058289698936 ], [ -63.952783308112132, -22.048272965355878 ], [ -63.952066203797457, -22.048535411592312 ], [ -63.95134913361413, -22.048654616981423 ], [ -63.950708869284874, -22.048845456661041 ], [ -63.950324677229361, -22.049084099776515 ], [ -63.949991619075959, -22.049633103878087 ], [ -63.949991491946577, -22.050110564318647 ], [ -63.950221838363376, -22.050611951127895 ], [ -63.950580229559733, -22.051113366549679 ], [ -63.951399566405875, -22.051686504758699 ], [ -63.952116537609221, -22.051997013391826 ], [ -63.952833554118371, -22.052140408537458 ], [ -63.953806674097727, -22.05223611094986 ], [ -63.954626116999542, -22.052427268049851 ], [ -63.955112627198474, -22.052689971745533 ], [ -63.955419833849447, -22.053119748002576 ], [ -63.955723931525448, -22.053695343146426 ], [ -63.955957394416693, -22.054108195807974 ], [ -63.956290159711813, -22.054776703517113 ], [ -63.956418057154465, -22.055421295315139 ], [ -63.956673970326285, -22.056209149290058 ], [ -63.956725013691859, -22.056973087604096 ], [ -63.956648080075979, -22.057426654773035 ], [ -63.95631508669527, -22.057713059793478 ], [ -63.955777241857568, -22.057880059653623 ], [ -63.955239423543901, -22.057927694558106 ], [ -63.954599184461827, -22.057903688660918 ], [ -63.95401019949739, -22.057736454903509 ], [ -63.95347245308605, -22.057497612503756 ], [ -63.952960347293697, -22.057139410499179 ], [ -63.95237144489009, -22.056661826287627 ], [ -63.951936185303737, -22.056255893372725 ], [ -63.951526560439646, -22.055754473430074 ], [ -63.9511168579536, -22.055563398804907 ], [ -63.95065588068924, -22.055587166510122 ], [ -63.950450948089781, -22.055801975317376 ], [ -63.950066735128956, -22.05606448737765 ], [ -63.949861794961706, -22.056303167864932 ], [ -63.949759248532082, -22.056708980576371 ], [ -63.949656668694722, -22.057234157582688 ], [ -63.949835784018525, -22.057807144326162 ], [ -63.950168553080161, -22.05840403903963 ], [ -63.950603789676435, -22.058905464980999 ], [ -63.951013492704412, -22.059120411714197 ], [ -63.951576831810101, -22.059430883036608 ], [ -63.952165819921682, -22.059598122906863 ], [ -63.952959677596844, -22.059813150355925 ], [ -63.953651049092393, -22.060219134541892 ], [ -63.954188810314918, -22.060434102161299 ], [ -63.954880209695219, -22.060744591230566 ], [ -63.955469131281113, -22.061222165039641 ], [ -63.956134920166079, -22.061556517468777 ], [ -63.957133635183894, -22.061938678290822 ], [ -63.958055528495557, -22.062296947170783 ], [ -63.959054282588646, -22.0625358629899 ], [ -63.960027413872382, -22.06284638758445 ], [ -63.960590789074935, -22.063109089040346 ], [ -63.961230934287713, -22.063682143741538 ], [ -63.961871063051603, -22.064350686056269 ], [ -63.962306301550882, -22.065066934111972 ], [ -63.96237580839319, -22.065612026694527 ], [ -63.961971179762166, -22.066226966373453 ], [ -63.961255928887397, -22.066666196450495 ], [ -63.960666830513297, -22.066880941386 ], [ -63.959847257144901, -22.066976279443399 ], [ -63.958899627544582, -22.067071590966879 ], [ -63.9580288140614, -22.067238530003532 ], [ -63.957490947902613, -22.06738165837276 ], [ -63.957260372321223, -22.067715824513076 ], [ -63.957260231060985, -22.068336503291022 ], [ -63.957388146484966, -22.06895720664626 ], [ -63.957618443209228, -22.069864395916589 ], [ -63.958079193515637, -22.071010349753081 ], [ -63.958539959986723, -22.072108554927613 ], [ -63.959077572605402, -22.073182900683559 ], [ -63.959564014293868, -22.074042384988847 ], [ -63.95971754270591, -22.074710828506912 ], [ -63.959768644397222, -22.075283765677039 ], [ -63.959896577943248, -22.075880587170058 ], [ -63.960075710876218, -22.076596777813695 ], [ -63.960203641233441, -22.077217470101377 ], [ -63.960064913055845, -22.077718753263433 ], [ -63.959710276519196, -22.07796052857034 ], [ -63.9589739468544, -22.078577934568891 ], [ -63.958512850797639, -22.078888179874394 ], [ -63.957923662802557, -22.079317758044443 ], [ -63.9575393797857, -22.079723503214041 ], [ -63.957334385327634, -22.080129281957536 ], [ -63.957334281186235, -22.080587619009737 ], [ -63.957462243055168, -22.08104120628516 ], [ -63.957871986162921, -22.08132774710057 ], [ -63.95833298862437, -22.081471066230844 ], [ -63.958947711534329, -22.081423441192008 ], [ -63.959511188256094, -22.081471290120724 ], [ -63.959997789740711, -22.081686226214561 ], [ -63.960484388283909, -22.081925032434043 ], [ -63.960919715911828, -22.082378672514739 ], [ -63.96120137158514, -22.082808412546971 ], [ -63.961559878950929, -22.083190422151201 ], [ -63.961867130865265, -22.083715651947664 ], [ -63.961867029059754, -22.084216954694316 ], [ -63.961738880244276, -22.084622747806883 ], [ -63.961329029667723, -22.084789775873077 ], [ -63.960791156595526, -22.084741935719475 ], [ -63.960227685869924, -22.084622475054577 ], [ -63.959869142766941, -22.084407565352151 ], [ -63.959331297012845, -22.08424036372336 ], [ -63.958844684439974, -22.084049299252314 ], [ -63.958460494068724, -22.084001482437888 ], [ -63.958076277243869, -22.084073023710651 ], [ -63.957845682208045, -22.084407180242525 ], [ -63.957691926627668, -22.084741351375527 ], [ -63.957768648786995, -22.085266540261699 ], [ -63.957999084825794, -22.085648528988777 ], [ -63.958229496218294, -22.086149874618812 ], [ -63.958844155988508, -22.086460321505335 ], [ -63.959638140009133, -22.08665144273693 ], [ -63.960278453473279, -22.086794790620495 ], [ -63.960713821861425, -22.087105198803638 ], [ -63.961021014361265, -22.087940753258231 ], [ -63.961123311324926, -22.088704655318651 ], [ -63.961661044733226, -22.089492505795928 ], [ -63.962096311795776, -22.090351949567907 ], [ -63.96260837822912, -22.091450116943253 ], [ -63.963197336234821, -22.092333452779769 ], [ -63.963683951620965, -22.092643860534583 ], [ -63.964503594461796, -22.092763352637942 ], [ -63.965323261357462, -22.09276348566819 ], [ -63.966271034514378, -22.092572666232893 ], [ -63.96701390226017, -22.092310197959822 ], [ -63.967603093751777, -22.09197608963839 ], [ -63.968141094593911, -22.091403260413909 ], [ -63.9688328182839, -22.090591738651415 ], [ -63.969193134102433, -22.08990188329912 ], [ -63.969447744736591, -22.089460326417516 ], [ -63.969857658631447, -22.088911344034322 ], [ -63.970344396807533, -22.088457854957937 ], [ -63.970984802069992, -22.088099871040207 ], [ -63.971727638341576, -22.087885127402405 ], [ -63.972265554937358, -22.08771809704016 ], [ -63.973110844089106, -22.087503361618875 ], [ -63.973956118063398, -22.087384107982082 ], [ -63.974545265563364, -22.087169334908097 ], [ -63.974878315312864, -22.086644202729929 ], [ -63.975083323317847, -22.085904211063859 ], [ -63.975237108713735, -22.085116469103827 ], [ -63.975288452230444, -22.084233228495954 ], [ -63.975288584177427, -22.083230622560524 ], [ -63.975186228445679, -22.082490590801441 ], [ -63.975007029080722, -22.081798291741833 ], [ -63.974930275091552, -22.08115374804424 ], [ -63.974879116929742, -22.080652436525185 ], [ -63.974955996923391, -22.080342113145857 ], [ -63.975288998858865, -22.080079562670306 ], [ -63.975903722100782, -22.079960273317283 ], [ -63.97651842963576, -22.079960340965318 ], [ -63.977209956179365, -22.080127516499772 ], [ -63.977850248577418, -22.080366300458234 ], [ -63.978900336591067, -22.080724481412318 ], [ -63.979818210132109, -22.080926084316133 ], [ -63.980360206123009, -22.081369155195642 ], [ -63.980795583887314, -22.081798883498166 ], [ -63.981384625576801, -22.082395726501773 ], [ -63.981973664135786, -22.083064181919667 ], [ -63.982409015009203, -22.083851980383116 ], [ -63.982741916210465, -22.084639767772387 ], [ -63.982869896482015, -22.085594639015046 ], [ -63.982767381292618, -22.086263032434246 ], [ -63.982485605540951, -22.086525595603977 ], [ -63.982024544814898, -22.086668786166751 ], [ -63.981486651675375, -22.086716483866223 ], [ -63.980871936611663, -22.086573201951481 ], [ -63.979668120027952, -22.086310505386844 ], [ -63.978822908360755, -22.085952352910557 ], [ -63.978080138011691, -22.085737435057528 ], [ -63.977567865487487, -22.085737382506867 ], [ -63.977286095772804, -22.085904453735438 ], [ -63.977029912559097, -22.086286370044988 ], [ -63.976748082420187, -22.08693086954861 ], [ -63.976696774658087, -22.087575391991614 ], [ -63.976671042532665, -22.088530244228117 ], [ -63.976696516906983, -22.089652200712958 ], [ -63.976773246982646, -22.090559317581778 ], [ -63.976773154259639, -22.091308875709228 ], [ -63.976824300724651, -22.091977274842193 ], [ -63.977208436751958, -22.092645709405431 ], [ -63.977592606851346, -22.093051559929567 ], [ -63.97810489836295, -22.09305161242078 ], [ -63.978386695529942, -22.092741315550487 ], [ -63.978591663703803, -22.092287782747494 ], [ -63.978796633583123, -22.091810379402702 ], [ -63.979001594411201, -22.091404588117605 ], [ -63.979539522422456, -22.09116592713935 ], [ -63.980077423737455, -22.091165977379237 ], [ -63.980615310265634, -22.091309254368635 ], [ -63.981101959967184, -22.091548009051365 ], [ -63.981639846037375, -22.091715154267398 ], [ -63.982280192595432, -22.091858434744719 ], [ -63.982920538927367, -22.092025585052657 ], [ -63.983381582544823, -22.092216590558099 ], [ -63.983945090787714, -22.092335989202933 ], [ -63.98443176123952, -22.09240763824145 ], [ -63.984841583795799, -22.092527023385401 ], [ -63.985353852501191, -22.092813513218186 ], [ -63.985968571792235, -22.093219363325137 ], [ -63.986455223673147, -22.093577461808586 ], [ -63.986788179251135, -22.094078776079087 ], [ -63.987044284067125, -22.094699440324785 ], [ -63.987300376044679, -22.095534943582944 ], [ -63.987556481375975, -22.096203347820129 ], [ -63.987966285134895, -22.096776275130178 ], [ -63.988350482496195, -22.097253716255917 ], [ -63.988657822270952, -22.09794599043024 ], [ -63.9889907924452, -22.098447297276628 ], [ -63.989323760714669, -22.098996345163641 ], [ -63.989707971645473, -22.099354427432012 ], [ -63.989989717095881, -22.099831857573449 ], [ -63.990117769712612, -22.100309280859427 ], [ -63.990245812091047, -22.100977670140971 ], [ -63.99027139374364, -22.101646053937152 ], [ -63.990501882197371, -22.102696377847412 ], [ -63.990732398943003, -22.103245414740584 ], [ -63.990937292300259, -22.103961543953563 ], [ -63.990860418126218, -22.104496243957339 ], [ -63.990604231183731, -22.1049975165589 ], [ -63.990117516657335, -22.105116848111265 ], [ -63.989682041181993, -22.105092957480334 ], [ -63.989041642868216, -22.104949701517263 ], [ -63.988221946188965, -22.10459159937475 ], [ -63.98760717218638, -22.104376728568937 ], [ -63.986941153834628, -22.104352819046959 ], [ -63.986249511915723, -22.104424388024082 ], [ -63.985967712960651, -22.104710818161646 ], [ -63.985967668357098, -22.105307583568621 ], [ -63.985967605911569, -22.106143055298144 ], [ -63.985865078778687, -22.106954647958251 ], [ -63.985583255275621, -22.107503651928877 ], [ -63.985378287379469, -22.10795717774419 ], [ -63.985583180120273, -22.108482342928806 ], [ -63.985890539804934, -22.109031384236356 ], [ -63.986402851687266, -22.1093656030726 ], [ -63.986915174407756, -22.109556598155748 ], [ -63.987401890633329, -22.109628238234745 ], [ -63.987914225843696, -22.109652138470011 ], [ -63.988247242218748, -22.109699897000571 ], [ -63.988785199489882, -22.109652185401121 ], [ -63.989143857028893, -22.109294146868518 ], [ -63.989297572651488, -22.109031579727702 ], [ -63.989195137612768, -22.108482553602236 ], [ -63.989118318472315, -22.107933528162814 ], [ -63.989195199434086, -22.10740838006204 ], [ -63.989374533653624, -22.107074201732349 ], [ -63.989758807755585, -22.106596808834709 ], [ -63.990091840596641, -22.106238765496432 ], [ -63.990629805352128, -22.105832989878952 ], [ -63.991167764413248, -22.105498823433887 ], [ -63.991936263310947, -22.105284018282809 ], [ -63.992781606294209, -22.105140824658548 ], [ -63.9937294036529, -22.105260206542862 ], [ -63.994625974194108, -22.105212490123932 ], [ -63.995471307894185, -22.10535573296416 ], [ -63.996291026477458, -22.10552284319516 ], [ -63.997213210269813, -22.105761563293989 ], [ -63.997981696198686, -22.106119630102814 ], [ -63.998980733290331, -22.106525437409573 ], [ -63.999441828497922, -22.106835756436194 ], [ -63.999902925229904, -22.107146074301827 ], [ -64.000133474846763, -22.107575743982071 ], [ -64.00013347528801, -22.108196377291101 ], [ -63.999877307993643, -22.108793139771457 ], [ -63.999544289226023, -22.109175066603619 ], [ -63.999083185072664, -22.10948538096774 ], [ -63.998673311887799, -22.110010527882206 ], [ -63.99808411763599, -22.110487931897612 ], [ -63.997571775412425, -22.110655019783515 ], [ -63.996982586312015, -22.110511789380666 ], [ -63.996675187960356, -22.110177599568893 ], [ -63.996290939233063, -22.109938889017712 ], [ -63.995804222011493, -22.109724046700965 ], [ -63.995317509253539, -22.109413721017045 ], [ -63.994958882816611, -22.109079526070101 ], [ -63.994600258061404, -22.108697590065994 ], [ -63.99411354920624, -22.10841113122633 ], [ -63.993703689283002, -22.108196285654078 ], [ -63.99321697350284, -22.108148529725622 ], [ -63.992704633372576, -22.108339476944998 ], [ -63.992371605667721, -22.108602041493192 ], [ -63.992141031585788, -22.109151053242179 ], [ -63.991987307616604, -22.109700067952978 ], [ -63.99198728418407, -22.110249087748951 ], [ -63.992089722317488, -22.110941332766746 ], [ -63.992397107956599, -22.111418751407719 ], [ -63.992627648423202, -22.111752944831469 ], [ -63.992858189770764, -22.112111006880394 ], [ -63.993037485748495, -22.112779381645908 ], [ -63.993216787209555, -22.113304534095519 ], [ -63.993293628945601, -22.113590979139683 ], [ -63.99321676564719, -22.113901290040104 ], [ -63.992883728792201, -22.114163852681465 ], [ -63.992448226225562, -22.114307059024714 ], [ -63.991935872664669, -22.11437865106646 ], [ -63.991474760498157, -22.114307022833678 ], [ -63.990988032702248, -22.114211521754061 ], [ -63.990526928535061, -22.113996670318677 ], [ -63.990014587785147, -22.113829555262697 ], [ -63.989758410590028, -22.113877283986344 ], [ -63.989553465745914, -22.113972754679207 ], [ -63.98942536087327, -22.11428306153157 ], [ -63.989322864218124, -22.11476046116271 ], [ -63.989245969663322, -22.115476563564961 ], [ -63.989301159063864, -22.116349880397561 ], [ -63.989301469820788, -22.11635066530669 ], [ -63.989301255799177, -22.116351417711506 ], [ -63.989527683007147, -22.116942204469456 ], [ -63.989988761441587, -22.117753809466222 ], [ -63.990706023947965, -22.118565423425501 ], [ -63.99152577872939, -22.11911446791423 ], [ -63.992550487921882, -22.119544165849746 ], [ -63.993190940431731, -22.119639666463996 ], [ -63.99395948164554, -22.119806779507869 ], [ -63.994779259993237, -22.12004550080519 ], [ -63.995573417002149, -22.12047517798559 ], [ -63.996418809224899, -22.121191291386605 ], [ -63.997008017510431, -22.122146097066061 ], [ -63.997622853574775, -22.122981549547525 ], [ -63.998058362442379, -22.123793128893031 ], [ -63.998493875469514, -22.124676314420896 ], [ -63.998545107066732, -22.12551175570924 ], [ -63.998545098556534, -22.126609762659061 ], [ -63.998186415948645, -22.127994200587882 ], [ -63.997516804491781, -22.12898379373009 ], [ -63.996879805117189, -22.129330882533679 ], [ -63.996341787460381, -22.129688917677335 ], [ -63.99580377095284, -22.129903733396834 ], [ -63.995316998131138, -22.1299037234031 ], [ -63.99467650410417, -22.129999187153679 ], [ -63.994240966605652, -22.130128071223517 ], [ -63.993702950438959, -22.130223534755832 ], [ -63.993421114792532, -22.130748655272523 ], [ -63.993164901466592, -22.131178298280318 ], [ -63.99306240862537, -22.131560206488452 ], [ -63.993088016690542, -22.131870510293282 ], [ -63.992959907236845, -22.132133070779258 ], [ -63.992678071337266, -22.132562711272787 ], [ -63.992498711955953, -22.133040092747869 ], [ -63.992626797358348, -22.133422008209816 ], [ -63.993011088687986, -22.133708452958672 ], [ -63.993625966562753, -22.133875557813838 ], [ -63.994035891020168, -22.133851700489583 ], [ -63.994445819349238, -22.133660755613146 ], [ -63.994881367898195, -22.133422073328482 ], [ -63.995393774072411, -22.13327886789725 ], [ -63.995983035466232, -22.133326618634456 ], [ -63.996367330336419, -22.133684666357539 ], [ -63.996674761439245, -22.134257535749487 ], [ -63.996828472209756, -22.134925879594615 ], [ -63.997315247471789, -22.135665834616791 ], [ -63.997776405005048, -22.136525133586918 ], [ -63.998340049930448, -22.137265084885172 ], [ -63.998647495262738, -22.137646994189996 ], [ -63.999185528432108, -22.137957296369603 ], [ -63.999467355504251, -22.138243727728781 ], [ -63.99962107967557, -22.138816587656876 ], [ -63.999518594586512, -22.139293970442612 ], [ -63.99926238364705, -22.139699744207547 ], [ -63.998903688696828, -22.139986172242295 ], [ -63.998288783494395, -22.140105513778959 ], [ -63.997955709059724, -22.140200986749111 ], [ -63.997648255568436, -22.140248722000056 ], [ -63.997366420558784, -22.140511278389774 ], [ -63.997161444366739, -22.141012525987797 ], [ -63.996866280363705, -22.141776331561346 ], [ -63.996866767907882, -22.142038890462441 ], [ -63.997648215492404, -22.143447170014401 ], [ -63.99808377638518, -22.143919779124637 ], [ -63.998621825377128, -22.144397161691632 ], [ -63.999441715306787, -22.14489841193847 ], [ -64.000031014241742, -22.145137101510549 ], [ -64.000517827492871, -22.145471264568972 ], [ -64.000927779231304, -22.146020246639786 ], [ -64.001286490641235, -22.146903390472122 ], [ -64.001568339738071, -22.147834270535508 ], [ -64.001927062518703, -22.149099310277073 ], [ -64.002311405345978, -22.149886972097878 ], [ -64.00267012755036, -22.150483684372901 ], [ -64.003080097131388, -22.15112813207881 ], [ -64.003720670344734, -22.15160549318221 ], [ -64.004207506407894, -22.15191577570155 ], [ -64.004540611733759, -22.152369272144696 ], [ -64.004719982368627, -22.152822770200029 ], [ -64.004976222839375, -22.153300135029156 ], [ -64.004976231066649, -22.153610425493799 ], [ -64.004796876751399, -22.153849114535973 ], [ -64.004489407780625, -22.154111674142385 ], [ -64.004105070730063, -22.154445839882055 ], [ -64.003643868919866, -22.155066427572297 ], [ -64.00307494626621, -22.155449155476763 ], [ -64.002439594626892, -22.155839781252933 ], [ -64.002029626245402, -22.156054600552352 ], [ -64.001517163337382, -22.156245552608205 ], [ -64.000774089707406, -22.156245556544139 ], [ -64.000364118440487, -22.156412635586342 ], [ -64.000261625599421, -22.156866135121827 ], [ -64.000415367501461, -22.157462842641358 ], [ -64.00064597946151, -22.15798794533076 ], [ -64.001235323229039, -22.15856078135916 ], [ -64.001901542780601, -22.159276824585181 ], [ -64.002337150884799, -22.159730316384834 ], [ -64.003182744526939, -22.160374746764607 ], [ -64.003745647896181, -22.160742123609449 ], [ -64.004231088407622, -22.160729512286601 ], [ -64.005488887104178, -22.160422437121312 ], [ -64.006385722391045, -22.160470149084567 ], [ -64.006923828502124, -22.160637210080338 ], [ -64.007231328670287, -22.160995221880366 ], [ -64.007231346144735, -22.161448717399448 ], [ -64.007250463891637, -22.162108329192751 ], [ -64.007539523592214, -22.16265898802801 ], [ -64.008487037323903, -22.164074160730372 ], [ -64.008697586117037, -22.164977837055144 ], [ -64.008973976215344, -22.16567329661714 ], [ -64.009435233267922, -22.165983560307073 ], [ -64.010188914989968, -22.166348591565583 ], [ -64.01162468571053, -22.16653150149202 ], [ -64.012612724334915, -22.166651700494697 ], [ -64.013740224937706, -22.16686644255007 ], [ -64.015508372968867, -22.167415284596036 ], [ -64.016789654361872, -22.167892546542731 ], [ -64.017609713382711, -22.168584648568515 ], [ -64.018609253250631, -22.170279178411349 ], [ -64.019583133854979, -22.171472478381112 ], [ -64.020300782267483, -22.172761266492159 ], [ -64.020992779565361, -22.173739772962374 ], [ -64.02165914216728, -22.174575072045485 ], [ -64.022607389082651, -22.175362604147125 ], [ -64.023376203501286, -22.17567280014455 ], [ -64.023837581712698, -22.176555846710396 ], [ -64.023991486983078, -22.177725334597451 ], [ -64.023607202357795, -22.178584603376812 ], [ -64.022629760053306, -22.179231731539009 ], [ -64.021531626871038, -22.179921391943353 ], [ -64.02094227925771, -22.180470398022383 ], [ -64.020583587116803, -22.181191224100033 ], [ -64.020122404783606, -22.182098223083514 ], [ -64.020020034791983, -22.183387060382312 ], [ -64.0196101211383, -22.184508854369067 ], [ -64.018943872138635, -22.185057856350802 ], [ -64.017867560771947, -22.185368220018763 ], [ -64.017406279764344, -22.185463726342554 ], [ -64.016893752185936, -22.185654703454027 ], [ -64.016458104117589, -22.185821806738314 ], [ -64.016201858035089, -22.186132097731413 ], [ -64.0162018848266, -22.186442369199419 ], [ -64.016406937001619, -22.186824225937755 ], [ -64.016586371361427, -22.187301552563181 ], [ -64.016970802163456, -22.187516325205628 ], [ -64.017534634536361, -22.187802684285682 ], [ -64.018124072785682, -22.187850369849684 ], [ -64.018559742966886, -22.187874199530274 ], [ -64.019584845673791, -22.187874109155818 ], [ -64.020251167197273, -22.187921781943903 ], [ -64.02081498629228, -22.188041063302066 ], [ -64.021532572325796, -22.18816032791381 ], [ -64.02232703626666, -22.188231848093313 ], [ -64.023121500813161, -22.188303365345725 ], [ -64.023967203139065, -22.188231672600573 ], [ -64.02488978427867, -22.188136100199969 ], [ -64.025658624466161, -22.188231478599661 ], [ -64.026299381781968, -22.188708739805314 ], [ -64.027055546691329, -22.189567855422229 ], [ -64.027183222302781, -22.189866012358731 ], [ -64.02914881830948, -22.191306437568429 ], [ -64.030648810398787, -22.192709964102526 ], [ -64.032220515764223, -22.194838559942237 ], [ -64.033073865197977, -22.196530204030203 ], [ -64.03337421317211, -22.198930465095017 ], [ -64.033570656114605, -22.199810514686142 ], [ -64.033186395454763, -22.200812963040061 ], [ -64.032264072237851, -22.202746276278475 ], [ -64.030880370068402, -22.204536447889261 ], [ -64.029496629266177, -22.206255006353597 ], [ -64.028189732341303, -22.207830344283312 ], [ -64.027113405652429, -22.208832855826039 ], [ -64.026190790503904, -22.209405753633686 ], [ -64.025789756335556, -22.210011997952272 ], [ -64.025917958752004, -22.210369972351138 ], [ -64.026533117173045, -22.210536959755771 ], [ -64.027267479232009, -22.210837578780861 ], [ -64.028036518067424, -22.2116250561592 ], [ -64.028640700460272, -22.212606660672417 ], [ -64.028743347990655, -22.213418085581917 ], [ -64.028584165641519, -22.214450700166207 ], [ -64.028353618903907, -22.215333763285642 ], [ -64.028507464456439, -22.215715594584349 ], [ -64.029307723599686, -22.216568289357127 ], [ -64.030230587520961, -22.217379594871964 ], [ -64.031153459424829, -22.218190895213407 ], [ -64.032332681222186, -22.219145345366467 ], [ -64.033768158356949, -22.219670168787275 ], [ -64.035152361475511, -22.220099528004074 ], [ -64.037100493660589, -22.22062424358748 ], [ -64.038535975840105, -22.221053571593266 ], [ -64.038997432830129, -22.221435337232563 ], [ -64.039100209582571, -22.22262859029917 ], [ -64.039049263682116, -22.224155983867998 ], [ -64.038793195088758, -22.225397026210757 ], [ -64.038280638623505, -22.225874422357702 ], [ -64.037460486435592, -22.226351871230289 ], [ -64.036588979338759, -22.226399751034748 ], [ -64.035614878561361, -22.226113530241978 ], [ -64.034589566898092, -22.226113696562649 ], [ -64.033564273283019, -22.226209319442038 ], [ -64.03248778719346, -22.226734518530158 ], [ -64.031975235435254, -22.227355090362654 ], [ -64.031924107414966, -22.228166513926038 ], [ -64.032078093198507, -22.229264287689599 ], [ -64.031821964380313, -22.230457580426119 ], [ -64.031719721022938, -22.232175876185824 ], [ -64.031822515016032, -22.233703217990843 ], [ -64.032181543630799, -22.23461003111575 ], [ -64.032899361087701, -22.234991760838813 ], [ -64.033770942453117, -22.235134815407427 ], [ -64.035360260188654, -22.235182291455242 ], [ -64.036795756165532, -22.235134322238331 ], [ -64.037872355498052, -22.234990947679691 ], [ -64.038846406971757, -22.234799856227212 ], [ -64.039395805637838, -22.234689182597585 ], [ -64.039664434840731, -22.234724982622645 ], [ -64.039767565638641, -22.235011290041722 ], [ -64.039718184981908, -22.235849750964711 ], [ -64.039718397230303, -22.236852072083007 ], [ -64.039513443042864, -22.237424863568986 ], [ -64.039052145385838, -22.237997701553503 ], [ -64.037821751377706, -22.238284296074298 ], [ -64.036693835947759, -22.238284490257261 ], [ -64.035207056646883, -22.238380196471155 ], [ -64.034181730117879, -22.238666736630275 ], [ -64.033412814909255, -22.239335067773187 ], [ -64.033412925444139, -22.239955548508224 ], [ -64.033259277571773, -22.240862427699586 ], [ -64.033259412990731, -22.241626093714721 ], [ -64.033310818636764, -22.242389751645625 ], [ -64.03377238623932, -22.243153343944297 ], [ -64.034695311987761, -22.243487300309983 ], [ -64.035669448100052, -22.243487141949796 ], [ -64.036438465017255, -22.243296098102157 ], [ -64.037361282123413, -22.243057295768971 ], [ -64.038489118514065, -22.242532079488118 ], [ -64.039411909191429, -22.242197810446527 ], [ -64.04023212570182, -22.24172036844049 ], [ -64.041206231659771, -22.241624726532784 ], [ -64.042180390294007, -22.241767726796432 ], [ -64.042744499402289, -22.242388094023919 ], [ -64.043103598415712, -22.243294873267331 ], [ -64.042949950945086, -22.244010838150324 ], [ -64.042437333562546, -22.244392770163902 ], [ -64.041514463525658, -22.244392949158076 ], [ -64.040540312397255, -22.244345404757588 ], [ -64.039771304508164, -22.244584191854404 ], [ -64.039463771878559, -22.245013807640262 ], [ -64.039617734967266, -22.245729711520742 ], [ -64.040643339065099, -22.246588638121732 ], [ -64.041515065716126, -22.247113487280888 ], [ -64.042591827754109, -22.247399650022579 ], [ -64.043514701510915, -22.247351737636951 ], [ -64.044693873831747, -22.24706512534841 ], [ -64.045872985148122, -22.246539863969772 ], [ -64.047308432931558, -22.245966810837945 ], [ -64.04843619733056, -22.24520290068978 ], [ -64.049820406925647, -22.244820756164575 ], [ -64.051102108323548, -22.244581813013781 ], [ -64.052178804060787, -22.244629285154691 ], [ -64.053768330049991, -22.24510618455637 ], [ -64.054742572066317, -22.245440041453747 ], [ -64.055562989962681, -22.245726205256279 ], [ -64.056280768644726, -22.24567829083712 ], [ -64.056793362317904, -22.245296326962031 ], [ -64.057100710403788, -22.244389398133467 ], [ -64.057305399745005, -22.243100662968949 ], [ -64.057305414328042, -22.243148392149703 ], [ -64.057356260509621, -22.241764236894333 ], [ -64.057355881021238, -22.24052327896678 ], [ -64.057304262296356, -22.239377789857482 ], [ -64.057560373002971, -22.23861405259353 ], [ -64.057970289542823, -22.237850271878116 ], [ -64.058585484620863, -22.237754647785103 ], [ -64.059662143059882, -22.237802082405732 ], [ -64.060636234186305, -22.237754082903781 ], [ -64.061764209262179, -22.237944681656153 ], [ -64.062584700641295, -22.238517198735423 ], [ -64.063148980915557, -22.239471622348788 ], [ -64.063251905100785, -22.240617093980251 ], [ -64.063816438683887, -22.242287447783259 ], [ -64.064483653936264, -22.244339595217969 ], [ -64.065355901563947, -22.246200756133508 ], [ -64.0664842029406, -22.24715498615998 ], [ -64.066997206110088, -22.247966213706061 ], [ -64.06799128367858, -22.249476996237643 ], [ -64.068167239628053, -22.251099626446933 ], [ -64.069378146869369, -22.253215577364951 ], [ -64.07035294124303, -22.254838014360583 ], [ -64.071532794148112, -22.256317191252599 ], [ -64.073174115019327, -22.257748474195644 ], [ -64.073841243369884, -22.259180076267658 ], [ -64.074252101337905, -22.260850396652462 ], [ -64.074098861104929, -22.262329995949695 ], [ -64.073791790216234, -22.263809642586583 ], [ -64.073433438967385, -22.265289302943124 ], [ -64.073280374184876, -22.267246157642351 ], [ -64.073588541013649, -22.268534675316786 ], [ -64.074204395366081, -22.269870810919588 ], [ -64.075127907014362, -22.271159107274222 ], [ -64.075948817449031, -22.272304254740678 ], [ -64.07644159599505, -22.273265042052071 ], [ -64.076526614676396, -22.274554343761189 ], [ -64.076103811934047, -22.275163000900843 ], [ -64.075488594329869, -22.275485367104338 ], [ -64.074450434798223, -22.276094233651232 ], [ -64.073437906007683, -22.276695926490856 ], [ -64.073130657469207, -22.277793726346673 ], [ -64.073438915372463, -22.279273121223827 ], [ -64.073901000497727, -22.280704733261128 ], [ -64.074978787294796, -22.282947460013126 ], [ -64.076158504636069, -22.283567477741485 ], [ -64.077491817348687, -22.283567004578327 ], [ -64.078260816577142, -22.28304174956439 ], [ -64.078465422657459, -22.281800814446157 ], [ -64.078682562602282, -22.279886939846488 ], [ -64.078874502293203, -22.279027807366933 ], [ -64.079438280761053, -22.278316487189638 ], [ -64.079643055363405, -22.277505072834927 ], [ -64.080617224500372, -22.277170631378507 ], [ -64.08133538626258, -22.27774307303422 ], [ -64.081951005877883, -22.27834657238823 ], [ -64.081951589924387, -22.279682893146894 ], [ -64.081567362905318, -22.280542099828114 ], [ -64.081183096331799, -22.281322557029419 ], [ -64.080568019002186, -22.281998102307174 ], [ -64.080676236478155, -22.283225083025432 ], [ -64.081292380918811, -22.28500023191377 ], [ -64.082826185475795, -22.286094465561796 ], [ -64.083016432819917, -22.28723311205766 ], [ -64.083186273462076, -22.288604661302916 ], [ -64.083956110833498, -22.28994065904994 ], [ -64.085033876192313, -22.29175377531773 ], [ -64.086214384447274, -22.293900910426782 ], [ -64.088189537237071, -22.29542061220106 ], [ -64.089174935107749, -22.296966471563248 ], [ -64.090216540834021, -22.298051284769809 ], [ -64.091499813322159, -22.300389217638269 ], [ -64.091654487188805, -22.302059482420997 ], [ -64.090885886090504, -22.303491513660305 ], [ -64.089091214142456, -22.304255835820118 ], [ -64.0876398784076, -22.304434914043874 ], [ -64.086014152586998, -22.304591143731695 ], [ -64.085553026788716, -22.30559351696483 ], [ -64.085399600031664, -22.306548043615852 ], [ -64.08545188843587, -22.308743286752339 ], [ -64.085862652452491, -22.309745307749044 ], [ -64.086734886682862, -22.310460803259833 ], [ -64.087709683309342, -22.311128530640861 ], [ -64.089094661506692, -22.311509747440134 ], [ -64.090223224102175, -22.311938785053453 ], [ -64.0924289115748, -22.312462805139212 ], [ -64.093813980873392, -22.312987158433089 ], [ -64.094737453788355, -22.313511705699081 ], [ -64.096322929693457, -22.314739383901738 ], [ -64.098175271783319, -22.316230355534199 ], [ -64.098534730155976, -22.317041471541675 ], [ -64.098535131514453, -22.317805026968518 ], [ -64.098125105487796, -22.318377880039144 ], [ -64.097355893039236, -22.318664559545415 ], [ -64.096483874853021, -22.318521783719564 ], [ -64.095919528815529, -22.318235701162852 ], [ -64.095149974451232, -22.317854263336528 ], [ -64.093918783482394, -22.317425300768882 ], [ -64.092687810515187, -22.317425831182277 ], [ -64.092021104050829, -22.317569281966392 ], [ -64.091251885586075, -22.317855941134223 ], [ -64.090636605838284, -22.318285699263889 ], [ -64.090329159888029, -22.318906215488887 ], [ -64.090483308785608, -22.319478815889813 ], [ -64.090945299034331, -22.320242175288829 ], [ -64.091304687325774, -22.320957852848199 ], [ -64.091612808811192, -22.321721273489864 ], [ -64.091920957177109, -22.322532413652009 ], [ -64.091921401812684, -22.323439125862546 ], [ -64.092178120923663, -22.323963955581618 ], [ -64.092639869692533, -22.324202366845494 ], [ -64.093152816465988, -22.324249868626296 ], [ -64.093460737711681, -22.324583786828381 ], [ -64.094127755589199, -22.325012992111549 ], [ -64.094743411223732, -22.325299053193451 ], [ -64.095461484561639, -22.325251016100971 ], [ -64.095974289284527, -22.325012181600165 ], [ -64.096487190958854, -22.324964231914429 ], [ -64.096897704141043, -22.325298099941648 ], [ -64.097410829559536, -22.325679641641386 ], [ -64.098026467437194, -22.325917971362351 ], [ -64.098590688248279, -22.325917715219205 ], [ -64.09925746991803, -22.325869688942809 ], [ -64.099821844033201, -22.326155757719558 ], [ -64.100335003296067, -22.326585013468854 ], [ -64.100694412994031, -22.327252946118339 ], [ -64.101053773797929, -22.327825434346813 ], [ -64.1015156984394, -22.328350152747308 ], [ -64.101823796861339, -22.328970383920705 ], [ -64.101772891623654, -22.329686225606963 ], [ -64.101516758106371, -22.330306720062222 ], [ -64.100952935323562, -22.331070519862621 ], [ -64.100389132535355, -22.331882038198295 ], [ -64.0997741325248, -22.332884460683513 ], [ -64.099261841819796, -22.334125436218695 ], [ -64.099262397811827, -22.335175290750765 ], [ -64.100163525583014, -22.335527681783443 ], [ -64.103488155389059, -22.336763035104759 ], [ -64.099118448681409, -22.338082162730075 ], [ -64.098073085597264, -22.340144153502518 ], [ -64.09788934389708, -22.341919423944546 ], [ -64.098074583842418, -22.343007355675276 ], [ -64.098875308879599, -22.343923212968935 ], [ -64.100061131734378, -22.347660198063402 ], [ -64.104083297483186, -22.355436392661588 ], [ -64.106899352846909, -22.357885785940496 ], [ -64.115476336719553, -22.362302075326248 ], [ -64.117050896525583, -22.364309710736009 ], [ -64.116622953298105, -22.367655408625691 ], [ -64.11421436983963, -22.370418368426517 ], [ -64.109054502459301, -22.379575653560433 ], [ -64.108561778026896, -22.381845860697741 ], [ -64.109486370468886, -22.383634755001431 ], [ -64.112103454417507, -22.384206010086071 ], [ -64.117181503017108, -22.381769795315172 ], [ -64.119885038241677, -22.382122916381263 ], [ -64.120753389818987, -22.384329430898063 ], [ -64.119512037252861, -22.39405619029867 ], [ -64.116117472589963, -22.403456992341006 ], [ -64.116694689641733, -22.407062691810303 ], [ -64.121431679951954, -22.40839249015141 ], [ -64.127071076194341, -22.407486449581416 ], [ -64.13336129268437, -22.406667773119505 ], [ -64.139943660351221, -22.409304132881477 ], [ -64.142601851082318, -22.411743409662392 ], [ -64.144610917992836, -22.416200356032949 ], [ -64.142481268307549, -22.420895936989979 ], [ -64.13837956705305, -22.427061977900593 ], [ -64.138724793163874, -22.430629776899242 ], [ -64.142079368818898, -22.433285982851626 ], [ -64.147137995047899, -22.433986437140373 ], [ -64.150626822902169, -22.436142897221629 ], [ -64.151855810742035, -22.439021401053722 ], [ -64.15306018767015, -22.449961335871194 ], [ -64.154412517627136, -22.452457243120186 ], [ -64.158393065047406, -22.453132640939241 ], [ -64.160864479427474, -22.454602230861688 ], [ -64.161577148229597, -22.457604653324754 ], [ -64.160941402036528, -22.461471656601613 ], [ -64.161816537900549, -22.467337082159219 ], [ -64.166383809852974, -22.470012746118432 ], [ -64.173790368082095, -22.466353496102101 ], [ -64.179100917735056, -22.470443959330197 ], [ -64.183227541491874, -22.47318814387047 ], [ -64.186821716636089, -22.479784696831899 ], [ -64.187632088256194, -22.488713049571412 ], [ -64.190111111561635, -22.491650000138836 ], [ -64.197722221983511, -22.489594444713919 ], [ -64.202563347262952, -22.495841632946352 ], [ -64.204380326286326, -22.499931116931485 ], [ -64.20738050987049, -22.505727609997333 ], [ -64.214047828590211, -22.525896636644244 ], [ -64.216314543518081, -22.543473682723317 ], [ -64.227400496809466, -22.543164962618388 ], [ -64.227713972060542, -22.547271335504572 ], [ -64.23076111132886, -22.557369444339418 ], [ -64.239764967041097, -22.555447313534497 ], [ -64.242765985107226, -22.563949629553001 ], [ -64.243272583793441, -22.571244758038102 ], [ -64.243429752688044, -22.576673886160695 ], [ -64.244115525010614, -22.580037547928519 ], [ -64.242981674398223, -22.591222067792724 ], [ -64.243222391033953, -22.598583733874218 ], [ -64.237900000004245, -22.6086888889748 ], [ -64.23889444443752, -22.620555555563005 ], [ -64.241197222534481, -22.62742500004061 ], [ -64.247602777480481, -22.63286944482963 ], [ -64.256099827328825, -22.628287427700371 ], [ -64.26454635686629, -22.649983953087762 ], [ -64.242204549731895, -22.66534946124494 ], [ -64.244404215255955, -22.670568475202522 ], [ -64.257216666254905, -22.67211111080362 ], [ -64.261211111167341, -22.67632222232417 ], [ -64.261686110826943, -22.682780555175288 ], [ -64.261608333167189, -22.687163888508945 ], [ -64.262891666546977, -22.691802777529251 ], [ -64.26483611143108, -22.695972222348701 ], [ -64.263894444753404, -22.700919444253589 ], [ -64.265252777352103, -22.703605555868904 ], [ -64.269100000152818, -22.706505555472436 ], [ -64.271144444734162, -22.708288888460977 ], [ -64.271805555477982, -22.711019444823684 ], [ -64.272016666237519, -22.713536111381014 ], [ -64.271666666422121, -22.716402777362507 ], [ -64.270655555500468, -22.718830555195478 ], [ -64.269027777571551, -22.723369444795036 ], [ -64.267295182447839, -22.728046699779199 ], [ -64.270672221839533, -22.734266666414022 ], [ -64.270099999549757, -22.736952777434844 ], [ -64.26897777741506, -22.739508333696634 ], [ -64.264069444845674, -22.740847221847851 ], [ -64.267855555888119, -22.744438888519934 ], [ -64.275169444402408, -22.744633333246391 ], [ -64.281394444480384, -22.747483333180998 ], [ -64.283500000034991, -22.752050000053345 ], [ -64.278839568146878, -22.755179829867291 ], [ -64.267444444891396, -22.757750000097367 ], [ -64.26511666713003, -22.764077777394888 ], [ -64.267624999973776, -22.770130555826587 ], [ -64.273619444740106, -22.774055555915297 ], [ -64.277638888841878, -22.778413889198134 ], [ -64.278472222178124, -22.783755555302744 ], [ -64.275733333195404, -22.788816667006561 ], [ -64.27693888921624, -22.791172222656115 ], [ -64.28514456655634, -22.795259529870144 ], [ -64.286261231597663, -22.807990088058681 ], [ -64.28447461015719, -22.829769741591228 ], [ -64.287847222467889, -22.836119444091082 ], [ -64.291969560898877, -22.837353980991871 ], [ -64.297144559357449, -22.837820647668877 ], [ -64.301439002470232, -22.838006758893101 ], [ -64.304972334801491, -22.837762314920838 ], [ -64.306561222939749, -22.84074564841556 ], [ -64.303311224049253, -22.845212315508508 ], [ -64.300622335267292, -22.848923426985923 ], [ -64.298055669691237, -22.85288176058334 ], [ -64.298127394484283, -22.862216044857373 ], [ -64.303300111202716, -22.862640095775646 ], [ -64.307283443150808, -22.861923429383925 ], [ -64.309516775440187, -22.864517874346316 ], [ -64.310211219553594, -22.87007343084478 ], [ -64.30966666682356, -22.873416666339473 ], [ -64.311711218732171, -22.878045653571487 ], [ -64.311572329763791, -22.88201787694522 ], [ -64.315747327850701, -22.882762321577687 ], [ -64.317211216211021, -22.881287321191472 ], [ -64.315361217006426, -22.877320654524059 ], [ -64.314219551103307, -22.874201209102779 ], [ -64.312758441377625, -22.872101208352795 ], [ -64.313180663074348, -22.869256763669231 ], [ -64.314772329833389, -22.867059541557182 ], [ -64.320530660713828, -22.868395652785356 ], [ -64.322611215212945, -22.871490098248927 ], [ -64.324455658593365, -22.87423176523221 ], [ -64.328122324726039, -22.872178987189734 ], [ -64.331044545165639, -22.872173432309626 ], [ -64.334424346873206, -22.874133119270454 ], [ -64.338794542639349, -22.868184543167022 ], [ -64.339758431837026, -22.863920653471389 ], [ -64.340661209732176, -22.858328986247255 ], [ -64.337668670237207, -22.855695366931105 ], [ -64.333016767490605, -22.860553986366813 ], [ -64.331436212910646, -22.863076208703777 ], [ -64.328602879996183, -22.862526208691577 ], [ -64.328463992030606, -22.859598430079327 ], [ -64.328513992030437, -22.853198428909824 ], [ -64.328530658800773, -22.850223428858353 ], [ -64.327800103511493, -22.846367872792374 ], [ -64.327994548626322, -22.840965093830985 ], [ -64.326808437609728, -22.836453982585169 ], [ -64.328697326496638, -22.83122898220185 ], [ -64.329094548535636, -22.826662314167635 ], [ -64.330086215688155, -22.818915091515972 ], [ -64.330558399191531, -22.812102361670412 ], [ -64.33431399311803, -22.80802897899769 ], [ -64.342200101028439, -22.806570645522189 ], [ -64.342680656935968, -22.803367867429905 ], [ -64.34364721494957, -22.797522350575193 ], [ -64.344202768066054, -22.793461238289336 ], [ -64.339688879157251, -22.785058459475788 ], [ -64.338269432817711, -22.777966790515855 ], [ -64.339316649030863, -22.768352898333859 ], [ -64.342152755472924, -22.764139007282669 ], [ -64.34070552932576, -22.752447336635978 ], [ -64.34165455146065, -22.749340407673024 ], [ -64.343089624300049, -22.746954065043273 ], [ -64.344935218294182, -22.744185594027613 ], [ -64.347089551871619, -22.741607328263221 ], [ -64.349140657965336, -22.738838462514146 ], [ -64.350162882965719, -22.735689760451578 ], [ -64.351185610165444, -22.732827130580795 ], [ -64.352518526943797, -22.730917643151169 ], [ -64.353750234902066, -22.729866606897367 ], [ -64.355392429856437, -22.7284334220865 ], [ -64.358164546492276, -22.726521522927825 ], [ -64.361182755123806, -22.724317532285109 ], [ -64.362571634168887, -22.723751091872316 ], [ -64.363700670422844, -22.723588024651271 ], [ -64.365091110653765, -22.723827460379201 ], [ -64.366395154521683, -22.724308801301717 ], [ -64.367612491339159, -22.72487086978688 ], [ -64.369683268927375, -22.726191760178637 ], [ -64.370918165138036, -22.727121746187237 ], [ -64.371613643421483, -22.727362324253097 ], [ -64.372395516317496, -22.727360985037052 ], [ -64.373089548531496, -22.726876259912078 ], [ -64.373521988802011, -22.725908447169147 ], [ -64.373259274204301, -22.7248612384107 ], [ -64.373170308135585, -22.723813728626784 ], [ -64.372994954225007, -22.72300813404371 ], [ -64.373340513096252, -22.722040463199214 ], [ -64.374033877988296, -22.72123337142267 ], [ -64.374381043444131, -22.721071593871258 ], [ -64.375596600741972, -22.720747134326238 ], [ -64.376464992648124, -22.720584451215132 ], [ -64.377506963662086, -22.720340872205821 ], [ -64.378548605511398, -22.719936107996865 ], [ -64.379676458806827, -22.719208826922817 ], [ -64.380282423652474, -22.718160091865577 ], [ -64.381236354492856, -22.717352514198303 ], [ -64.382452370417894, -22.717269785796404 ], [ -64.384016197180017, -22.717347616484755 ], [ -64.384798691759002, -22.717668594381628 ], [ -64.385756426144681, -22.718714571228627 ], [ -64.386455224886021, -22.72056690381719 ], [ -64.387848682005995, -22.722256807836285 ], [ -64.38915227012032, -22.722496245293254 ], [ -64.390542061232424, -22.722413161068541 ], [ -64.391670896105737, -22.722169358778185 ], [ -64.392364183289004, -22.721362208693943 ], [ -64.392796510020204, -22.720394346680607 ], [ -64.393662848418558, -22.719264515613627 ], [ -64.394790809071324, -22.718617744865334 ], [ -64.396007169698407, -22.718696121292879 ], [ -64.396789860628459, -22.719097643934596 ], [ -64.397312456564734, -22.719741411084485 ], [ -64.398182198404072, -22.720223359354222 ], [ -64.398877170136487, -22.720222084040572 ], [ -64.399918592600258, -22.719736627625696 ], [ -64.401047053226321, -22.71933159502354 ], [ -64.401828891336578, -22.719330149825545 ], [ -64.403045259548435, -22.719408485818505 ], [ -64.403651790101804, -22.718682047055943 ], [ -64.403301525269868, -22.717393249801294 ], [ -64.402517438067761, -22.716347025562353 ], [ -64.401559622019178, -22.715301117583547 ], [ -64.400255204327991, -22.714658797185113 ], [ -64.398950795604023, -22.714016469011376 ], [ -64.397299265797201, -22.71353594944171 ], [ -64.395300272415085, -22.713056049617503 ], [ -64.393736817365351, -22.713139480945117 ], [ -64.392694399698144, -22.713141368434059 ], [ -64.39191207949429, -22.712901007679648 ], [ -64.391390196301188, -22.712579583667946 ], [ -64.391388340013322, -22.71169308134316 ], [ -64.391560724655122, -22.711048037446194 ], [ -64.392166934537698, -22.710160435101837 ], [ -64.392948227054006, -22.709917247289134 ], [ -64.393990456865609, -22.709834767325336 ], [ -64.394599203293524, -22.710156029059107 ], [ -64.395729153208848, -22.710476339719293 ], [ -64.396945289128652, -22.710474120156437 ], [ -64.397378767262495, -22.710070369021512 ], [ -64.397377396593598, -22.709425636219894 ], [ -64.397027704941266, -22.708378579947123 ], [ -64.397112859332836, -22.707572502872608 ], [ -64.397370714723081, -22.706282554049565 ], [ -64.397976195210745, -22.705072557055594 ], [ -64.398755223907273, -22.703781644207623 ], [ -64.39936017078945, -22.702329859816789 ], [ -64.400051797906428, -22.700797315815858 ], [ -64.400568654764328, -22.698781525455612 ], [ -64.400913161871841, -22.69741079581356 ], [ -64.400388889767527, -22.695961070782008 ], [ -64.399431534493417, -22.695076298256549 ], [ -64.397777255424444, -22.693225663694481 ], [ -64.396385804730258, -22.692422262108249 ], [ -64.395341287872299, -22.6913764343061 ], [ -64.394557184244391, -22.690249530554375 ], [ -64.394354438535018, -22.68849792894337 ], [ -64.394443226153726, -22.688063036471942 ], [ -64.396672509160467, -22.685005184055068 ], [ -64.39808221392137, -22.683333529071671 ], [ -64.400906967608194, -22.68251763602602 ], [ -64.405145654684574, -22.682032888066484 ], [ -64.408998631664446, -22.681429562519391 ], [ -64.412850530704787, -22.680349288426154 ], [ -64.415545587533458, -22.679032718037014 ], [ -64.417210428975721, -22.676645101881086 ], [ -64.418104402455157, -22.674258946360656 ], [ -64.418610544417348, -22.670800519209394 ], [ -64.41796100673082, -22.667582742226156 ], [ -64.416798168097799, -22.664604377467825 ], [ -64.41550743333741, -22.661864682815544 ], [ -64.414217265591319, -22.65936341667722 ], [ -64.414452777543858, -22.657000000265956 ], [ -64.416263608768602, -22.655305813258341 ], [ -64.417932492323771, -22.654825699535227 ], [ -64.420373449814349, -22.654940212961399 ], [ -64.422555070430462, -22.653982162822249 ], [ -64.42435184136896, -22.653263295093396 ], [ -64.426147783375413, -22.652186731719944 ], [ -64.428458342574572, -22.651466818042696 ], [ -64.4311547984708, -22.650984568079814 ], [ -64.432821949472213, -22.649788972169265 ], [ -64.433846261449389, -22.64835618962961 ], [ -64.434097907723981, -22.646090342916594 ], [ -64.434606448503871, -22.6438239722148 ], [ -64.435245367645351, -22.642391936177738 ], [ -64.436271010286987, -22.641555268505257 ], [ -64.438324784068243, -22.640954980195222 ], [ -64.439992921877874, -22.640236224363001 ], [ -64.441661046862933, -22.63951745376788 ], [ -64.442299615291091, -22.637966155131771 ], [ -64.441654289101621, -22.636655928596191 ], [ -64.440238589684554, -22.635466491283378 ], [ -64.438567419761156, -22.634873717717277 ], [ -64.437025260915675, -22.634519133444751 ], [ -64.435098887923772, -22.63464223551183 ], [ -64.433686839747224, -22.635002756575282 ], [ -64.432275887507132, -22.635840190888793 ], [ -64.430481235542516, -22.637393762572614 ], [ -64.428599537580894, -22.638570287279617 ], [ -64.427197787948728, -22.638959357233194 ], [ -64.425762306351118, -22.63807510249373 ], [ -64.424881136380264, -22.636932211997134 ], [ -64.42393728621829, -22.635331589246089 ], [ -64.423516753682279, -22.633400857426398 ], [ -64.423917821029775, -22.631802795042496 ], [ -64.424300170266591, -22.630490491204032 ], [ -64.425064958923883, -22.629649165801656 ], [ -64.426189832395991, -22.629532496485652 ], [ -64.42781000810082, -22.630330552168083 ], [ -64.429138009253947, -22.63141533145577 ], [ -64.430357936255163, -22.632414466737043 ], [ -64.432162252862, -22.632840117066536 ], [ -64.43365562809494, -22.632107437275842 ], [ -64.433934597971955, -22.631067604967146 ], [ -64.433542961242708, -22.630047325731354 ], [ -64.433047630315698, -22.629132606536722 ], [ -64.432860227123783, -22.628074190170999 ], [ -64.433073585587664, -22.627029280934796 ], [ -64.433513228894071, -22.625532020960208 ], [ -64.434688449856921, -22.623840555748675 ], [ -64.434824236061502, -22.623174525544741 ], [ -64.434400284973293, -22.622867922107385 ], [ -64.432991613993678, -22.622134887320314 ], [ -64.431544245183858, -22.621064657911997 ], [ -64.430192601965402, -22.619725947597669 ], [ -64.428870215564331, -22.617135192406153 ], [ -64.427933290371087, -22.614603275112842 ], [ -64.427929880529348, -22.61311282364894 ], [ -64.428623812091772, -22.611571344137602 ], [ -64.428875199731579, -22.60918609857654 ], [ -64.428872192552475, -22.60787448818439 ], [ -64.427432537749297, -22.606227832804503 ], [ -64.425950300229971, -22.60387578378176 ], [ -64.426012067483967, -22.602802510014136 ], [ -64.427060358209047, -22.601796885791334 ], [ -64.42815971777442, -22.601307790331386 ], [ -64.429369197706677, -22.600599932533221 ], [ -64.429752266702053, -22.599645255551412 ], [ -64.429749527450312, -22.598452859908278 ], [ -64.428855506951535, -22.59671567108553 ], [ -64.427468207401162, -22.593737382790533 ], [ -64.42579256564224, -22.590998117401561 ], [ -64.424975555400451, -22.588565221698548 ], [ -64.424972305030806, -22.587134314618481 ], [ -64.425998234669564, -22.586536087140214 ], [ -64.427282066266301, -22.586414319380665 ], [ -64.42895085375909, -22.586172540890953 ], [ -64.429975121110544, -22.584858835732756 ], [ -64.43099882371304, -22.583306636438433 ], [ -64.431764870344907, -22.581397207292291 ], [ -64.431247119719117, -22.579609568667518 ], [ -64.430217680308232, -22.578657653855839 ], [ -64.427906390772677, -22.578662224912261 ], [ -64.42508120886616, -22.578548533789824 ], [ -64.423282730330556, -22.5781943148525 ], [ -64.420455683479034, -22.577245850971316 ], [ -64.417095026990609, -22.57484553026908 ], [ -64.414854558373577, -22.572023691537005 ], [ -64.412885562427036, -22.568838784336013 ], [ -64.412355508984092, -22.565650273993931 ], [ -64.410134000889499, -22.563053699221889 ], [ -64.409521257326617, -22.561090177458826 ], [ -64.40926653551503, -22.559480309069258 ], [ -64.409931484702582, -22.55801122275453 ], [ -64.41106997043444, -22.557128024840221 ], [ -64.412814605299658, -22.556548321423573 ], [ -64.415171078187512, -22.556100550021256 ], [ -64.416753716012764, -22.554829345351923 ], [ -64.417252797991864, -22.552783122040641 ], [ -64.416942095273868, -22.55099995145029 ], [ -64.416441037130824, -22.549383050606888 ], [ -64.415503386508604, -22.547925387216502 ], [ -64.414063812035167, -22.546739559187671 ], [ -64.412814621523708, -22.54538745519665 ], [ -64.412057918898924, -22.544049421522427 ], [ -64.411806948036116, -22.542325193364206 ], [ -64.412126272746718, -22.540125040229039 ], [ -64.412867761653644, -22.538200227672061 ], [ -64.41428254461924, -22.536409109181481 ], [ -64.416795812022684, -22.53493550422623 ], [ -64.419759887159202, -22.534733894023081 ], [ -64.422563852676035, -22.533783598293244 ], [ -64.424607222315601, -22.531609627239082 ], [ -64.426092776408396, -22.529534207759863 ], [ -64.427312015512371, -22.52619199363911 ], [ -64.428739678788745, -22.524000415951786 ], [ -64.429833160483355, -22.522600620615769 ], [ -64.431094310619585, -22.521720710565312 ], [ -64.432963409742598, -22.521087015394798 ], [ -64.434011640096102, -22.521059572195885 ], [ -64.435848730084572, -22.521397952726797 ], [ -64.437876127469551, -22.521570006920655 ], [ -64.440019114642794, -22.521974264908685 ], [ -64.441986863845273, -22.522087339313629 ], [ -64.444581405060845, -22.521874739709748 ], [ -64.446448597458271, -22.521298061854186 ], [ -64.448700096658158, -22.52027434782859 ], [ -64.450781921867389, -22.518787893645396 ], [ -64.451515233684674, -22.517091529066224 ], [ -64.45156023719359, -22.515719102657126 ], [ -64.451433716182208, -22.513941159326855 ], [ -64.450797938987222, -22.512663939603812 ], [ -64.449294887808776, -22.5115338773975 ], [ -64.447726564034539, -22.510516429832744 ], [ -64.446704670714198, -22.509743400267553 ], [ -64.445628751475866, -22.508739884890236 ], [ -64.445172050551065, -22.507639438556382 ], [ -64.445345814279392, -22.506098958399711 ], [ -64.446000661135216, -22.504915529038804 ], [ -64.447015376682259, -22.504028475303656 ], [ -64.448880433651354, -22.503508910678161 ], [ -64.449988215972439, -22.503540266167608 ], [ -64.451028833913327, -22.503741427487601 ], [ -64.453042544215947, -22.504324979660776 ], [ -64.455204082217563, -22.504157150199429 ], [ -64.456957270049358, -22.503290897719808 ], [ -64.458781337334088, -22.502140434900383 ], [ -64.45932980317653, -22.500438786795225 ], [ -64.459328111973164, -22.498607123755054 ], [ -64.458641980814235, -22.496985083848823 ], [ -64.458575008770595, -22.495266054314481 ], [ -64.459179363232096, -22.493737694396923 ], [ -64.460033598681335, -22.492101908817521 ], [ -64.460932528804733, -22.490982518918223 ], [ -64.462172649806689, -22.490731321237323 ], [ -64.463627777705227, -22.492383333725027 ], [ -64.466227851562351, -22.492356835412689 ], [ -64.467337473198782, -22.492640683774582 ], [ -64.468692090115624, -22.492351522361613 ], [ -64.469614456475924, -22.491662557517898 ], [ -64.469550783329822, -22.490838330726014 ], [ -64.468809510356778, -22.490038467853115 ], [ -64.46825234324092, -22.488951965327441 ], [ -64.468496471033717, -22.488035472396813 ], [ -64.46911108179134, -22.487461663428746 ], [ -64.470342881679571, -22.48734449890198 ], [ -64.471575544222517, -22.487570813521689 ], [ -64.47305520665951, -22.488025573447 ], [ -64.47391955424078, -22.488767907393253 ], [ -64.474659537762591, -22.489052527944462 ], [ -64.475398214281, -22.488821918734335 ], [ -64.475950037720054, -22.487790245659699 ], [ -64.476130192895525, -22.485957913027907 ], [ -64.476555298943225, -22.483552551813847 ], [ -64.477106663801209, -22.482349120806539 ], [ -64.478090698418853, -22.481717218957534 ], [ -64.479814539707831, -22.481312669991194 ], [ -64.481539257933974, -22.481251597389896 ], [ -64.482954191246947, -22.480504216348628 ], [ -64.483751615350798, -22.479185715260385 ], [ -64.484240874845568, -22.477810647423336 ], [ -64.48411293610036, -22.475978960011144 ], [ -64.483739339044547, -22.474434061860595 ], [ -64.482131399087734, -22.471975911674207 ], [ -64.47954071198744, -22.470607663156589 ], [ -64.477877251527445, -22.470496837058285 ], [ -64.475905363476542, -22.470214925254993 ], [ -64.475041819866334, -22.46975881988757 ], [ -64.474793393947266, -22.468957863903661 ], [ -64.475037172210406, -22.467926828180136 ], [ -64.475835181393307, -22.466837324040753 ], [ -64.476695069857769, -22.465862179124834 ], [ -64.477800167915674, -22.464428483417461 ], [ -64.479117430891606, -22.461882721189415 ], [ -64.481918311494937, -22.46098432236311 ], [ -64.48401108295748, -22.460407149923356 ], [ -64.486041652005639, -22.459601091271068 ], [ -64.487702336644361, -22.458681342656707 ], [ -64.488684717105244, -22.457476852970565 ], [ -64.489481404224009, -22.455929267072893 ], [ -64.489599054705678, -22.45381069050714 ], [ -64.489682357857689, -22.451367475181716 ], [ -64.489651187151708, -22.450192248992163 ], [ -64.489647444887382, -22.44876095157883 ], [ -64.489520370028956, -22.447272675479581 ], [ -64.489700503148185, -22.445497438314362 ], [ -64.489696012099586, -22.44377986572837 ], [ -64.489937279168615, -22.441832718292535 ], [ -64.490486934840135, -22.440056625942063 ], [ -64.49078977784427, -22.438109324916567 ], [ -64.492079066898754, -22.436560554593463 ], [ -64.493492715381862, -22.435469518493733 ], [ -64.495092923762485, -22.435065091855481 ], [ -64.496079530489496, -22.435520866368488 ], [ -64.497376207952115, -22.43677747675579 ], [ -64.498242546756529, -22.43832133397957 ], [ -64.499477975035902, -22.439692572272108 ], [ -64.500895891414459, -22.440204579567933 ], [ -64.502744016207046, -22.440372059868164 ], [ -64.505457478372875, -22.441682572114868 ], [ -64.508416405245029, -22.442648953245676 ], [ -64.511254683749044, -22.444531622598586 ], [ -64.514622748431876, -22.445860110825759 ], [ -64.51772529521449, -22.445833075749885 ], [ -64.521048639373419, -22.444909068217072 ], [ -64.523631111255028, -22.443357017487816 ], [ -64.525103327123773, -22.441235091764323 ], [ -64.524452778076522, -22.439269444001187 ], [ -64.524357401857671, -22.43803686204436 ], [ -64.523509959310729, -22.435666411497344 ], [ -64.521883020990515, -22.432644646444611 ], [ -64.5201725585475, -22.430307450405763 ], [ -64.517153754667746, -22.428449038768331 ], [ -64.515204496775823, -22.425055943583928 ], [ -64.513243958460464, -22.421757524694062 ], [ -64.512612597003667, -22.418419965818938 ], [ -64.512886595910558, -22.415645667967585 ], [ -64.514802263960249, -22.413147724940973 ], [ -64.517688448412898, -22.410220767965139 ], [ -64.520638348302725, -22.408095200617208 ], [ -64.523403448107501, -22.405970029761175 ], [ -64.526781999962353, -22.403041720337885 ], [ -64.529975881794954, -22.400171051691565 ], [ -64.532986081434757, -22.397701578225846 ], [ -64.536551188216663, -22.395516968352823 ], [ -64.541235069140527, -22.393580596788748 ], [ -64.545866594486199, -22.391189781652166 ], [ -64.550004144171822, -22.38884243817995 ], [ -64.554156135782577, -22.38603741714272 ], [ -64.55861649224876, -22.382119841846428 ], [ -64.561640465936847, -22.379087845042296 ], [ -64.563758913258837, -22.376341093667506 ], [ -64.565010882246781, -22.373742244983085 ], [ -64.565709342072552, -22.371128185829445 ], [ -64.566762646550998, -22.368012582104644 ], [ -64.566307841032383, -22.365843791593225 ], [ -64.565026740803773, -22.364008806913837 ], [ -64.564210272810513, -22.362122584950598 ], [ -64.563391149958576, -22.360783480533343 ], [ -64.564273837180679, -22.359315281725006 ], [ -64.564945323763496, -22.357423871853225 ], [ -64.564587080435032, -22.356065039392082 ], [ -64.563707548372022, -22.355251116359774 ], [ -64.561970545349439, -22.353188248944186 ], [ -64.56132686484014, -22.352140180433768 ], [ -64.561722498211637, -22.350217126772076 ], [ -64.562827639334472, -22.34924077978539 ], [ -64.564856319399453, -22.348319282970696 ], [ -64.565221007939854, -22.346772214537527 ], [ -64.564758821088944, -22.344826977995805 ], [ -64.564693872355619, -22.342993378963637 ], [ -64.565573075693791, -22.341044894408682 ], [ -64.566551396189539, -22.338866288351444 ], [ -64.56660793115465, -22.33720546609716 ], [ -64.565808334418563, -22.335009734593434 ], [ -64.565249714494954, -22.33321984412979 ], [ -64.564880971911194, -22.331263425807297 ], [ -64.56449230433671, -22.329936150001931 ], [ -64.564063909483096, -22.327920852014383 ], [ -64.563574045784264, -22.325903870194079 ], [ -64.562483948855089, -22.32341247327215 ], [ -64.561079271264418, -22.321141421149541 ], [ -64.559227292265703, -22.319396182442954 ], [ -64.557531478566588, -22.318548222390891 ], [ -64.555379990476283, -22.318489145433666 ], [ -64.553528602157741, -22.318667262397728 ], [ -64.551621190783933, -22.318672085659209 ], [ -64.549853075675557, -22.318165524887558 ], [ -64.547559010541519, -22.316785825605606 ], [ -64.546475751135603, -22.314866214968301 ], [ -64.54579239141917, -22.312691781081718 ], [ -64.54473977145679, -22.310518265355647 ], [ -64.543503038079024, -22.308517001982949 ], [ -64.541795605297125, -22.306495131461517 ], [ -64.540689637893237, -22.304518408123041 ], [ -64.539562263592671, -22.301281745582273 ], [ -64.538709481176141, -22.299083019046371 ], [ -64.537554514879716, -22.296715685508932 ], [ -64.536768698934964, -22.294347073060433 ], [ -64.536286551419252, -22.292101315270664 ], [ -64.535921867149568, -22.290030522353568 ], [ -64.535927743565637, -22.287912699060488 ], [ -64.536553621452413, -22.28564022963284 ], [ -64.537615108397574, -22.283208023372598 ], [ -64.547775713200309, -22.275289815518352 ], [ -64.549862850087152, -22.273566376024199 ], [ -64.55213400990263, -22.27165917169906 ], [ -64.554283784025102, -22.270336422255511 ], [ -64.556616935946906, -22.268612271943883 ], [ -64.559564508283827, -22.266600139859744 ], [ -64.56214471935462, -22.265218913718819 ], [ -64.564109412370172, -22.263781985481057 ], [ -64.566196099107827, -22.26200107850838 ], [ -64.567853598657322, -22.260736729679216 ], [ -64.568711542097134, -22.259589014510944 ], [ -64.569753783342833, -22.258349170287254 ], [ -64.570859212919146, -22.257658976458725 ], [ -64.57245609441371, -22.256715473818989 ], [ -64.573929271835453, -22.255566101012292 ], [ -64.575404012708887, -22.254932174250545 ], [ -64.576325170799251, -22.254356986015399 ], [ -64.577245618096285, -22.253552699202992 ], [ -64.578349932099727, -22.252518820525562 ], [ -64.579637574670926, -22.25108352426772 ], [ -64.580741861918071, -22.250049628556184 ], [ -64.581971498034818, -22.249759953891431 ], [ -64.582833042582962, -22.249814909694443 ], [ -64.584309314081693, -22.249696380784361 ], [ -64.586214297330258, -22.248946662593529 ], [ -64.587504726757444, -22.248427693910141 ], [ -64.589225467187774, -22.247792997120229 ], [ -64.590578307319149, -22.247560211212097 ], [ -64.591623155590838, -22.247213709969408 ], [ -64.592546216487989, -22.247268459176972 ], [ -64.593159839384356, -22.246751307007486 ], [ -64.593465472042752, -22.24612044820125 ], [ -64.593892519659619, -22.244973781143898 ], [ -64.593949872425611, -22.243656301139772 ], [ -64.594439161228351, -22.242738557566746 ], [ -64.594991058831184, -22.242164290249988 ], [ -64.595668365423208, -22.242334252103355 ], [ -64.595916097597623, -22.242849046608431 ], [ -64.596593771867305, -22.243133554172086 ], [ -64.597269440933886, -22.242788040963937 ], [ -64.597759258842601, -22.242042111979593 ], [ -64.598494252061514, -22.241009127316978 ], [ -64.598861197496731, -22.240320808293351 ], [ -64.59885900302497, -22.239633510443408 ], [ -64.598794371823928, -22.238660005771102 ], [ -64.599037352613053, -22.237685648927283 ], [ -64.599403922513304, -22.236882774522432 ], [ -64.59983091279571, -22.23573607665703 ], [ -64.599950841224953, -22.234762054427922 ], [ -64.599701643667473, -22.2337890535775 ], [ -64.599576038890504, -22.232987536316511 ], [ -64.599635362184586, -22.232300057607034 ], [ -64.600248733277766, -22.231725595098212 ], [ -64.600740528271928, -22.231609678110878 ], [ -64.601293659084405, -22.231436312484519 ], [ -64.601783798860922, -22.230804910803577 ], [ -64.602028040757503, -22.230231467795754 ], [ -64.601963212539175, -22.229200670909929 ], [ -64.60190809928865, -22.227792774966549 ], [ -64.601956154325208, -22.227001267025646 ], [ -64.602384761928235, -22.226370029830079 ], [ -64.603183028064578, -22.225909591287948 ], [ -64.604104142893831, -22.225391529639893 ], [ -64.60477825786127, -22.224587768603289 ], [ -64.605574846369848, -22.22361183047791 ], [ -64.606372168155289, -22.222864994018991 ], [ -64.606923785435242, -22.222233398110632 ], [ -64.607291219498407, -22.221716871498696 ], [ -64.607658280454217, -22.221085789317677 ], [ -64.608025152322639, -22.220397429822064 ], [ -64.608393880106505, -22.220281838648656 ], [ -64.608702577988211, -22.22062463468189 ], [ -64.609195268702777, -22.220795081072534 ], [ -64.609685912553715, -22.220335479441488 ], [ -64.609991631871026, -22.219761841906909 ], [ -64.610482271068292, -22.219302237577057 ], [ -64.610664396187843, -22.218557114841278 ], [ -64.611585827725449, -22.218153568372188 ], [ -64.612447048777668, -22.218151132471053 ], [ -64.613184114190133, -22.217805378286396 ], [ -64.61379795862959, -22.217402693234767 ], [ -64.613857037447801, -22.216657914117693 ], [ -64.613669494021067, -22.215741999019741 ], [ -64.61379046225143, -22.215111597063977 ], [ -64.614281267535219, -22.214709257563555 ], [ -64.614955488274276, -22.213962727118652 ], [ -64.615753858762588, -22.213559509042849 ], [ -64.616490524549761, -22.213099185361919 ], [ -64.616980942020632, -22.212582282859614 ], [ -64.617286061951432, -22.211836793391797 ], [ -64.617529853702464, -22.211148755864791 ], [ -64.617343805748988, -22.210691058669138 ], [ -64.616850757497261, -22.210406072673404 ], [ -64.616419035549555, -22.210063631308884 ], [ -64.616355828886952, -22.209548303794357 ], [ -64.616660945398579, -22.208802810963764 ], [ -64.616658874356688, -22.208172750687979 ], [ -64.616533778989933, -22.207543039360633 ], [ -64.616345478893138, -22.206397997554102 ], [ -64.616588890522479, -22.205595397203119 ], [ -64.617140987885946, -22.205135590239543 ], [ -64.617940637728822, -22.205133307858098 ], [ -64.618739531920909, -22.204901908536471 ], [ -64.619416157182343, -22.204899972484924 ], [ -64.619909194860497, -22.205184955579774 ], [ -64.620280726102678, -22.205928519300905 ], [ -64.620713961680579, -22.206729183199933 ], [ -64.621269466541293, -22.207300377963065 ], [ -64.621824784932116, -22.207814292497943 ], [ -64.6228725870359, -22.208441345273599 ], [ -64.623611119244217, -22.208553776161366 ], [ -64.624163398669253, -22.208151231989415 ], [ -64.624223195760393, -22.207635549989917 ], [ -64.624403919528987, -22.206489449379134 ], [ -64.624523893318084, -22.205572638387633 ], [ -64.625014078156042, -22.204998431884732 ], [ -64.625686310033544, -22.203679066556184 ], [ -64.626668190305409, -22.202988872328621 ], [ -64.62759008577757, -22.202757083035291 ], [ -64.628635575774112, -22.202696768540982 ], [ -64.629681449590279, -22.202751006459966 ], [ -64.630480511642062, -22.202576840601608 ], [ -64.631402014837462, -22.202230477328698 ], [ -64.632384445713626, -22.201712092734436 ], [ -64.633305361087295, -22.201193882332589 ], [ -64.634227239538646, -22.200962063978338 ], [ -64.635762468930082, -22.200212922440617 ], [ -64.635664332694915, -22.199137774561351 ], [ -64.636165294323163, -22.197723378217603 ], [ -64.636956615702331, -22.196711816139953 ], [ -64.637458931721639, -22.1957011009696 ], [ -64.638177302944882, -22.194487897372092 ], [ -64.638898184125836, -22.1940147919594 ], [ -64.639620208516959, -22.193878093216203 ], [ -64.640414939856583, -22.193875742120692 ], [ -64.641571833221448, -22.194141444928462 ], [ -64.642076419994368, -22.193803534340674 ], [ -64.642726193565508, -22.193667039587439 ], [ -64.643520000899912, -22.193395549053921 ], [ -64.644457608553751, -22.192921778419517 ], [ -64.645468616019471, -22.19278419880899 ], [ -64.646622495370522, -22.192175207135982 ], [ -64.64799264409325, -22.19143099591 ], [ -64.64864147473385, -22.191025352680068 ], [ -64.649289836905382, -22.190485143347043 ], [ -64.650227415445826, -22.190011345126006 ], [ -64.650948949320906, -22.189740042612954 ], [ -64.651743429279179, -22.189670367854315 ], [ -64.652616470762581, -22.190099132597162 ], [ -64.653843271155765, -22.191009693715909 ], [ -64.654786945738294, -22.192285215931339 ], [ -64.655947377997407, -22.193560074826937 ], [ -64.657324807082617, -22.194901546490229 ], [ -64.658626935780219, -22.195368564279288 ], [ -64.65992788865384, -22.195499164769508 ], [ -64.661804935992564, -22.195089736030315 ], [ -64.665123368187594, -22.193666624110307 ], [ -64.667573581898537, -22.191909723238069 ], [ -64.670675414324108, -22.190554468302082 ], [ -64.673343481967578, -22.189133233020172 ], [ -64.675147221210409, -22.188454778112373 ], [ -64.677096896915131, -22.188179550221577 ], [ -64.67883055797823, -22.188106834174622 ], [ -64.680273771168871, -22.187631316139353 ], [ -64.682006204095316, -22.18722216041709 ], [ -64.684462556984869, -22.187214402600052 ], [ -64.686701926035553, -22.187140022681128 ], [ -64.688653793624923, -22.187470235252796 ], [ -64.691399876190928, -22.187663327128753 ], [ -64.69284553858931, -22.18786055193101 ], [ -64.694363947486735, -22.188192101290266 ], [ -64.695738118971335, -22.188591386650803 ], [ -64.697328785662208, -22.188922682387645 ], [ -64.698314385865643, -22.189739893139262 ], [ -64.699213458284106, -22.190598680372151 ], [ -64.69979168463658, -22.190664094313814 ], [ -64.700802388016712, -22.190458972762521 ], [ -64.701378350883502, -22.189918840792494 ], [ -64.702459784188918, -22.189309782279405 ], [ -64.703181997256493, -22.189240153139565 ], [ -64.703833224883212, -22.189507168527292 ], [ -64.704556953130691, -22.189841228500679 ], [ -64.705064449840435, -22.190310557936563 ], [ -64.705786917915702, -22.190308202131007 ], [ -64.70672536658185, -22.190103288459422 ], [ -64.708096531314808, -22.189695105471898 ], [ -64.709250442672712, -22.189153059212796 ], [ -64.70990040483052, -22.189083643572982 ], [ -64.710913129047199, -22.189416734951788 ], [ -64.711636614362916, -22.189683489337092 ], [ -64.712144894473155, -22.190354649781323 ], [ -64.712363933495354, -22.190959476372115 ], [ -64.712584252562195, -22.19190071418447 ], [ -64.713164277767731, -22.192437066449369 ], [ -64.714465248228151, -22.192567339700151 ], [ -64.715621724098085, -22.192698083116188 ], [ -64.716707496372877, -22.193232751598416 ], [ -64.717721541954077, -22.193902218463144 ], [ -64.718518075998034, -22.194370553837551 ], [ -64.719459111082898, -22.194838404484663 ], [ -64.720255394180484, -22.195239450492348 ], [ -64.720908218062107, -22.195910102257205 ], [ -64.721343522479003, -22.19637962890917 ], [ -64.721922293099084, -22.196579545173538 ], [ -64.722498991229301, -22.196241207482672 ], [ -64.72285868172581, -22.19583631117569 ], [ -64.723145602779582, -22.195297092102322 ], [ -64.723361051402435, -22.194959958481256 ], [ -64.724011289058637, -22.194957783390212 ], [ -64.724734294574304, -22.195089927785396 ], [ -64.725529029908898, -22.195087264031805 ], [ -64.726105978303437, -22.194816197984277 ], [ -64.726394190904742, -22.194613383012523 ], [ -64.727116153782532, -22.194476392426704 ], [ -64.72762189295338, -22.194474692078039 ], [ -64.728271345393139, -22.194270658314306 ], [ -64.728848809081072, -22.194134148226702 ], [ -64.729354808861018, -22.194199725204616 ], [ -64.730078600647488, -22.194533697764541 ], [ -64.730586435877015, -22.195070244471353 ], [ -64.731092962171559, -22.195270381568172 ], [ -64.731597916379201, -22.195066826374198 ], [ -64.732173804729996, -22.194526617082136 ], [ -64.7326067696781, -22.194390586003575 ], [ -64.733111982773963, -22.194254309209665 ], [ -64.733760375964664, -22.19378113145989 ], [ -64.734120300700752, -22.193443496934922 ], [ -64.734770532007147, -22.193441289503337 ], [ -64.73542181916217, -22.193708207699391 ], [ -64.736073372126754, -22.194042405191098 ], [ -64.736868631348941, -22.194174263433318 ], [ -64.737445295135274, -22.193835885280034 ], [ -64.737875873227395, -22.193094305784761 ], [ -64.738235259772779, -22.19262209906833 ], [ -64.738884164332887, -22.192283469546243 ], [ -64.739534127332817, -22.192213965279038 ], [ -64.739966816254011, -22.192010636347113 ], [ -64.740398442216346, -22.191538178855865 ], [ -64.740758616336947, -22.191267813603233 ], [ -64.740974294393922, -22.190997941667415 ], [ -64.74140777655191, -22.190996456522189 ], [ -64.742201962004586, -22.19085916705555 ], [ -64.742779139668016, -22.190655337109817 ], [ -64.743284067807565, -22.190451752884933 ], [ -64.743932688976372, -22.190045824066825 ], [ -64.744147828339962, -22.189641384503602 ], [ -64.744435212635992, -22.189236695825649 ], [ -64.7450123819102, -22.189032858404236 ], [ -64.745228319483957, -22.188830264032589 ], [ -64.745227250549917, -22.18856113403859 ], [ -64.745441849833071, -22.188022126918824 ], [ -64.745656983623192, -22.187617684323641 ], [ -64.74623414658987, -22.187413843025297 ], [ -64.746232541037983, -22.187010146921438 ], [ -64.746013664964664, -22.186472632492865 ], [ -64.745651635940291, -22.186272029055306 ], [ -64.74536265513467, -22.186273024926454 ], [ -64.745145384643152, -22.186139205954472 ], [ -64.744855335654137, -22.185871069799706 ], [ -64.744852931796686, -22.185265523316239 ], [ -64.745213354682718, -22.185062430886216 ], [ -64.745645218822787, -22.184657238444149 ], [ -64.74571452149425, -22.183916876291498 ], [ -64.745784894285435, -22.18344564488768 ], [ -64.745783022307691, -22.182974662121115 ], [ -64.745998149575314, -22.182570215369992 ], [ -64.746431076910952, -22.182434153582332 ], [ -64.746936782478173, -22.182432408046012 ], [ -64.747299073434093, -22.182700293576108 ], [ -64.747588048727053, -22.182699295111586 ], [ -64.747731195757353, -22.182362378928659 ], [ -64.747946049926952, -22.181890646881516 ], [ -64.748523729601615, -22.181821364028981 ], [ -64.748884947501494, -22.181820113839358 ], [ -64.749174995986891, -22.182088246621642 ], [ -64.7495356768585, -22.18195242867921 ], [ -64.749749987360431, -22.181346126762023 ], [ -64.750253269709063, -22.180738822815908 ], [ -64.75097543105943, -22.180669032108074 ], [ -64.751190275130384, -22.180197294444337 ], [ -64.751839652524694, -22.1799931853832 ], [ -64.75263297317305, -22.179654003506919 ], [ -64.752630814171681, -22.179115734224542 ], [ -64.753207944379611, -22.178911871078014 ], [ -64.753858126070483, -22.178909606212468 ], [ -64.754147906746667, -22.179110450546741 ], [ -64.754437958564054, -22.179378577629546 ], [ -64.754800794670572, -22.179781019361059 ], [ -64.755450708469112, -22.179711466551201 ], [ -64.755955323309593, -22.179440564486313 ], [ -64.756532992487266, -22.179371260830447 ], [ -64.756824676389655, -22.180043086170805 ], [ -64.757043033983592, -22.180446029090373 ], [ -64.757550364907374, -22.180847960612354 ], [ -64.75798518246657, -22.181182859017287 ], [ -64.758345855220469, -22.181047026155927 ], [ -64.758344495592468, -22.180710609280059 ], [ -64.758775777200938, -22.180170820238569 ], [ -64.759063931990681, -22.179967956190552 ], [ -64.7594248739383, -22.179899404362608 ], [ -64.759787721747344, -22.18030183733789 ], [ -64.760005268444147, -22.180502927029231 ], [ -64.76058321212237, -22.180500895759131 ], [ -64.760653819046141, -22.180096940527836 ], [ -64.760868909992411, -22.179692476818261 ], [ -64.761157061780963, -22.179489608898667 ], [ -64.761517455921052, -22.17928648621097 ], [ -64.761805333222725, -22.179016334033847 ], [ -64.761948178702667, -22.178612122835315 ], [ -64.762091023567194, -22.178207911237369 ], [ -64.762595624781042, -22.177936993824016 ], [ -64.763101319044708, -22.177935210481369 ], [ -64.763967674768679, -22.177797582901018 ], [ -64.764111610617221, -22.177662504871439 ], [ -64.764471449814408, -22.17732480877671 ], [ -64.765266109327086, -22.177321998957151 ], [ -64.765845690812597, -22.17772365688618 ], [ -64.766137405496067, -22.178395471735886 ], [ -64.766356055967762, -22.17886569065816 ], [ -64.766861751729905, -22.178863898531176 ], [ -64.767149070529939, -22.178459171529028 ], [ -64.767509456204408, -22.178256038467644 ], [ -64.7680168036255, -22.178657947086606 ], [ -64.768956228930463, -22.178721893969765 ], [ -64.769531959552779, -22.178181568727926 ], [ -64.769818443440485, -22.177574985652477 ], [ -64.770976525106079, -22.17810913975698 ], [ -64.771770634370682, -22.177971738434188 ], [ -64.772202701735822, -22.177633772822919 ], [ -64.772635321630361, -22.177430373011365 ], [ -64.773212978453358, -22.177361023650636 ], [ -64.773575574511767, -22.177696152010913 ], [ -64.773938449376573, -22.178098562901877 ], [ -64.774372734476913, -22.178298863465187 ], [ -64.774877039382233, -22.177960633194694 ], [ -64.774875650138682, -22.177624214484613 ], [ -64.775306322061496, -22.176949821513627 ], [ -64.775666416908876, -22.176679390777799 ], [ -64.776315755500292, -22.176475206901824 ], [ -64.77682116714665, -22.176406107029617 ], [ -64.777183209485855, -22.176606662003092 ], [ -64.777619168548398, -22.177210659267363 ], [ -64.777910924589605, -22.177882459784449 ], [ -64.778487464278541, -22.177543961026757 ], [ -64.778991760706589, -22.177205720683386 ], [ -64.779280168510994, -22.177070112054388 ], [ -64.779566339662566, -22.176396231264448 ], [ -64.780070071643763, -22.175923419577508 ], [ -64.780647161252475, -22.175719482916481 ], [ -64.781297051394532, -22.175649851024492 ], [ -64.781729096251411, -22.175311864018724 ], [ -64.782305621158329, -22.174973354362432 ], [ -64.782519538186349, -22.174299727375104 ], [ -64.78266233545483, -22.173895498941082 ], [ -64.783671452859224, -22.173353562472148 ], [ -64.784318802633862, -22.172678361819543 ], [ -64.784316552818922, -22.172140084949305 ], [ -64.784242626401024, -22.171736639539628 ], [ -64.784168136990104, -22.171198624525129 ], [ -64.784960237164526, -22.170590179694916 ], [ -64.78560898119936, -22.170251396087473 ], [ -64.786111835861121, -22.169576709948185 ], [ -64.7864710550041, -22.169104402367967 ], [ -64.786757470282055, -22.168497787489724 ], [ -64.787637049804033, -22.168900875100025 ], [ -64.78827817061574, -22.169017879626022 ], [ -64.7887253505899, -22.168717899384237 ], [ -64.789044405563644, -22.168418385466776 ], [ -64.789234834246983, -22.168000000046053 ], [ -64.78923332853384, -22.167641984700854 ], [ -64.789872938139979, -22.167400969272062 ], [ -64.789934990184989, -22.166923381856229 ], [ -64.789933231971901, -22.166505696431177 ], [ -64.789931222595115, -22.166028341261523 ], [ -64.790314583230199, -22.165788259459124 ], [ -64.790184451448184, -22.165311372651527 ], [ -64.790182190195495, -22.1647743468634 ], [ -64.790500733438392, -22.164355489392904 ], [ -64.79088434139959, -22.164175075463866 ], [ -64.791398081280875, -22.164471549024984 ], [ -64.791847763217987, -22.16476825572926 ], [ -64.792361255270848, -22.165005057140576 ], [ -64.793065922039645, -22.165002474588086 ], [ -64.793577901322536, -22.164881255850965 ], [ -64.793639186056751, -22.16422465540084 ], [ -64.793637671971425, -22.163866637567722 ], [ -64.793892650737348, -22.163567349735654 ], [ -64.794468434010227, -22.163386223717634 ], [ -64.794787976176622, -22.163206037828168 ], [ -64.794850772516071, -22.162907453689282 ], [ -64.794657329474205, -22.162609810934725 ], [ -64.794273475792082, -22.162730562300354 ], [ -64.793889621615989, -22.162851312957581 ], [ -64.793440697892095, -22.162733618823438 ], [ -64.793438931915603, -22.162315930166677 ], [ -64.793117876889738, -22.162138095372509 ], [ -64.792924690479211, -22.161900121421709 ], [ -64.793115102929022, -22.161481727507482 ], [ -64.79343439087306, -22.161241873030956 ], [ -64.793946613068599, -22.161180322529255 ], [ -64.79426690960986, -22.16117914657034 ], [ -64.794396291148558, -22.161477025753889 ], [ -64.794397806661848, -22.161835045175007 ], [ -64.79484698156547, -22.162012407386321 ], [ -64.7951662672304, -22.161772550593817 ], [ -64.795228303939481, -22.16129495574981 ], [ -64.795483529600872, -22.161055333679492 ], [ -64.79586737907789, -22.16093457978975 ], [ -64.796061075426252, -22.1612918923359 ], [ -64.79612715985148, -22.161769015879599 ], [ -64.79638466396608, -22.162066421929072 ], [ -64.796834348020013, -22.162363118693225 ], [ -64.7973455571004, -22.162062881807582 ], [ -64.797663318880367, -22.161465001939501 ], [ -64.797660782650169, -22.160868302398786 ], [ -64.79778585710487, -22.160151790451177 ], [ -64.798617861700336, -22.159969706955653 ], [ -64.799770920717634, -22.159965446375047 ], [ -64.800666725839363, -22.15972344795064 ], [ -64.801369334262986, -22.159243477219945 ], [ -64.801943057206628, -22.158584969068418 ], [ -64.80245399267568, -22.158225046822675 ], [ -64.802900868987663, -22.157865360932643 ], [ -64.803414100651537, -22.158042468855808 ], [ -64.803735158426974, -22.158220289722394 ], [ -64.804310914826274, -22.158039135703941 ], [ -64.804693984890605, -22.157739354520935 ], [ -64.804692449768382, -22.157381332443009 ], [ -64.804242766193042, -22.157084648359437 ], [ -64.803921709879404, -22.156906827870635 ], [ -64.804048802965994, -22.156667670801856 ], [ -64.804559984986412, -22.15636741278 ], [ -64.804942795309628, -22.156007959708376 ], [ -64.80519902542548, -22.156007005943053 ], [ -64.805520849754942, -22.156363836297849 ], [ -64.805905451889586, -22.156422074984306 ], [ -64.806160400004217, -22.156122767644788 ], [ -64.806414579078222, -22.155644448193343 ], [ -64.80673486609281, -22.155643253758921 ], [ -64.806928064546256, -22.155881219043916 ], [ -64.807121520113455, -22.156178854551161 ], [ -64.807697781563206, -22.156117031845785 ], [ -64.807759784512172, -22.15563942838147 ], [ -64.807885844382255, -22.155161585209093 ], [ -64.80794784654087, -22.154683981744196 ], [ -64.80826710299381, -22.154444102341699 ], [ -64.80865611962038, -22.154358169128425 ], [ -64.808912475091859, -22.154387046312277 ], [ -64.809007788884571, -22.154207674810937 ], [ -64.809199702330787, -22.154147285184671 ], [ -64.809392001667874, -22.154176401463321 ], [ -64.809488859136863, -22.154355053978101 ], [ -64.809745215700644, -22.154383930171484 ], [ -64.810001443574677, -22.154382970713819 ], [ -64.810096627541057, -22.154173763374185 ], [ -64.810190909706506, -22.15375570828445 ], [ -64.810189750527897, -22.153487190690061 ], [ -64.810156434271036, -22.153188956624611 ], [ -64.81034770219226, -22.152979388765299 ], [ -64.810443142736133, -22.152829851595069 ], [ -64.810538583127851, -22.152680314341097 ], [ -64.810762522702404, -22.152619803123091 ], [ -64.811051162179339, -22.152708228679518 ], [ -64.811500072964577, -22.15282588845745 ], [ -64.811660988238899, -22.153004300091865 ], [ -64.812013557136652, -22.153062648475412 ], [ -64.812238142307706, -22.153151312860668 ], [ -64.812430957711371, -22.15329976812496 ], [ -64.812655154825748, -22.153298925834058 ], [ -64.812846420068865, -22.153089355807836 ], [ -64.812877285306826, -22.152820716617903 ], [ -64.812876122286625, -22.152552197669028 ], [ -64.812778487271856, -22.152194533305444 ], [ -64.812681369400494, -22.151956210590715 ], [ -64.812520713357713, -22.151837470339647 ], [ -64.812328545068496, -22.151838192203144 ], [ -64.812071933396666, -22.151749648858157 ], [ -64.812134698404648, -22.151451053337439 ], [ -64.812325574938185, -22.151151976486396 ], [ -64.812516967527444, -22.150972241450102 ], [ -64.812740257449875, -22.150762550288089 ], [ -64.812964064789313, -22.15067220102511 ], [ -64.813123169935409, -22.150432914556362 ], [ -64.813251151884629, -22.150402597296715 ], [ -64.813443448013373, -22.150431710175795 ], [ -64.813571429910041, -22.150401392726526 ], [ -64.813570007245843, -22.150073201410628 ], [ -64.813761526910383, -22.149923301407107 ], [ -64.813986367944722, -22.15007163476211 ], [ -64.814051458711518, -22.150310078279837 ], [ -64.814180475867644, -22.150518444982584 ], [ -64.814372901720006, -22.150577392584772 ], [ -64.814564290794337, -22.150397655548478 ], [ -64.814723782216532, -22.150247874506519 ], [ -64.814947587987277, -22.150157523104525 ], [ -64.815204198842849, -22.150246064201674 ], [ -64.815652198693698, -22.150154866895974 ], [ -64.815683448443096, -22.149975733512115 ], [ -64.815618615035419, -22.149796961535436 ], [ -64.815361615746141, -22.14961891404138 ], [ -64.815169060979144, -22.149530131602265 ], [ -64.815104098639125, -22.149321523700156 ], [ -64.815518901951535, -22.148961926490614 ], [ -64.8158696486867, -22.14860256989768 ], [ -64.815996980355862, -22.14842307256388 ], [ -64.816252681027223, -22.148302762983121 ], [ -64.816701064249571, -22.148301070226236 ], [ -64.816957543523884, -22.148359773872865 ], [ -64.817214152869624, -22.148448312880966 ], [ -64.817566455000872, -22.148446981367254 ], [ -64.817790517260946, -22.148416298069783 ], [ -64.817885299469964, -22.148117578824408 ], [ -64.817691445183101, -22.147730441360551 ], [ -64.817657728085138, -22.147342698071011 ], [ -64.817656428279093, -22.147044340666579 ], [ -64.817687545608521, -22.146835369296369 ], [ -64.817878408603221, -22.146536285881997 ], [ -64.817973319749299, -22.146267400445186 ], [ -64.818036203575289, -22.145998635977758 ], [ -64.818259481414159, -22.145788937179997 ], [ -64.818482759722556, -22.145579238066421 ], [ -64.818609436187771, -22.14525055896917 ], [ -64.818832713464715, -22.145040859284684 ], [ -64.818959909697682, -22.1448315231492 ], [ -64.819280699127958, -22.14494965358092 ], [ -64.819346185587662, -22.145277605318011 ], [ -64.819443308466134, -22.145515927997 ], [ -64.81973233300431, -22.145693850605905 ], [ -64.82011678634413, -22.14572222935962 ], [ -64.820339932092125, -22.145482692469763 ], [ -64.820659418936188, -22.145302462360092 ], [ -64.820818248755899, -22.145003496126986 ], [ -64.821009626942313, -22.144823751522281 ], [ -64.821104793794106, -22.144614536524241 ], [ -64.821264013978194, -22.144405077267923 ], [ -64.821327675839939, -22.14431532633024 ], [ -64.821551471357424, -22.144224967098776 ], [ -64.821775527925695, -22.144194279432138 ], [ -64.82203252490315, -22.144372321101976 ], [ -64.822225469739905, -22.144550605940573 ], [ -64.822546391501334, -22.144698567466627 ], [ -64.822705740929194, -22.144518943068036 ], [ -64.822929666842853, -22.144458418334303 ], [ -64.823185750241265, -22.144427607349698 ], [ -64.823344575296503, -22.144128638775562 ], [ -64.823536081084356, -22.143978727559201 ], [ -64.823951903295338, -22.143857798037725 ], [ -64.824143277312515, -22.143678050277725 ], [ -64.824462888492405, -22.143527649885918 ], [ -64.82465452386414, -22.143407573458788 ], [ -64.82481373906289, -22.143198111119787 ], [ -64.825037925023111, -22.143197255973043 ], [ -64.825293875162913, -22.143136606460107 ], [ -64.825453483073233, -22.143016652356003 ], [ -64.825677011582499, -22.142866616693631 ], [ -64.825933748824454, -22.142984982228352 ], [ -64.826158591166575, -22.143133304840013 ], [ -64.826606831517353, -22.143101755564867 ], [ -64.826894281777271, -22.142921638760587 ], [ -64.826989309640226, -22.142682583548407 ], [ -64.826924073631858, -22.142414304548556 ], [ -64.826954654054774, -22.142085985990956 ], [ -64.827242496923276, -22.141995375557897 ], [ -64.827435444265333, -22.142173656534869 ], [ -64.82778865469119, -22.142381160405762 ], [ -64.827949444880232, -22.142529727390169 ], [ -64.828334815672633, -22.142766943594385 ], [ -64.82875089655731, -22.142705676538451 ], [ -64.828974159475877, -22.142495965393358 ], [ -64.82916565910142, -22.142346048737661 ], [ -64.82938905200254, -22.142166173040735 ], [ -64.829644603682368, -22.142016010209609 ], [ -64.829868260535989, -22.141895805960353 ], [ -64.830012400047522, -22.141672149499559 ], [ -64.830165809194199, -22.141599953125418 ], [ -64.830380772848088, -22.141541841798254 ], [ -64.830565243753284, -22.141541133402548 ], [ -64.830795833351203, -22.141540247682915 ], [ -64.830950002923487, -22.14163990592019 ], [ -64.831181226846923, -22.141782232402221 ], [ -64.83130509563135, -22.141982258195249 ], [ -64.831429154994964, -22.14222524668488 ], [ -64.831614705287663, -22.142467999448577 ], [ -64.831692521409053, -22.142682522431759 ], [ -64.83172453599812, -22.142968829720196 ], [ -64.831725932179495, -22.143283897536847 ], [ -64.831711638309372, -22.143527417329508 ], [ -64.831743335750659, -22.143742118135872 ], [ -64.831790406033235, -22.143956758824068 ], [ -64.831898713680317, -22.144113878103731 ], [ -64.832175805777155, -22.144198741587829 ], [ -64.832298724610439, -22.144183947128127 ], [ -64.832482626414375, -22.14405434542677 ], [ -64.832605163948571, -22.143953623588779 ], [ -64.832743138624096, -22.143867163668833 ], [ -64.832865612346453, -22.143752120442006 ], [ -64.833018767845701, -22.143622636584258 ], [ -64.83327934250282, -22.14344977524506 ], [ -64.833478552038031, -22.143305792971503 ], [ -64.833738934979039, -22.143089966404922 ], [ -64.833938398305406, -22.143003268518953 ], [ -64.834122235147305, -22.142859344808059 ], [ -64.834228889115309, -22.142644110344325 ], [ -64.834350851826954, -22.142414496094865 ], [ -64.834319151627142, -22.142199795141625 ], [ -64.834302951432278, -22.142013678200925 ], [ -64.834347668695742, -22.141698431737989 ], [ -64.83453099356808, -22.141439937207483 ], [ -64.834714892110384, -22.141310332944116 ], [ -64.834868171748937, -22.141209490639675 ], [ -64.834944269992178, -22.141037338590731 ], [ -64.835081986570515, -22.140893590684517 ], [ -64.835281701875132, -22.140864176339317 ], [ -64.835404554537249, -22.140835058739786 ], [ -64.83552702561812, -22.14072001335466 ], [ -64.835587750566191, -22.140547920314727 ], [ -64.835633102920582, -22.14037588570114 ], [ -64.835709327655493, -22.140232375715769 ], [ -64.835769797193862, -22.1400029963491 ], [ -64.835815276800872, -22.139859605044258 ], [ -64.83584544768992, -22.139730594419955 ], [ -64.835844873703778, -22.139601701690687 ], [ -64.835813491140541, -22.139458607341119 ], [ -64.835843598190792, -22.139315275297818 ], [ -64.835981630782697, -22.139243133896894 ], [ -64.836104419448148, -22.13919969448219 ], [ -64.836350313742486, -22.139184422079225 ], [ -64.836550155656909, -22.139183649119989 ], [ -64.836780869055957, -22.139211399671396 ], [ -64.837011647356235, -22.139253471296456 ], [ -64.837196307623486, -22.139295721214026 ], [ -64.837365659472866, -22.139352351816477 ], [ -64.837519639994085, -22.139409041811305 ], [ -64.837719864687031, -22.139494195691228 ], [ -64.837812610526456, -22.139608408914448 ], [ -64.837951410786957, -22.139708122970397 ], [ -64.838120507438433, -22.139707467691835 ], [ -64.838258347559872, -22.139592360043572 ], [ -64.838365698580631, -22.139534657646166 ], [ -64.83848874279478, -22.139548502170225 ], [ -64.838611850045524, -22.139576667943569 ], [ -64.838704084516976, -22.139576310253517 ], [ -64.838842372219077, -22.139561452328874 ], [ -64.838964584306822, -22.13938911944588 ], [ -64.839040870113266, -22.139259929347752 ], [ -64.839086539110042, -22.139159501138963 ], [ -64.83917845322182, -22.139087535706281 ], [ -64.83928573963297, -22.139015511467907 ], [ -64.839424027844146, -22.139000653152092 ], [ -64.839593764468972, -22.139143210009372 ], [ -64.839717191979091, -22.139242982702864 ], [ -64.839963407453837, -22.139299312807463 ], [ -64.840270983454531, -22.139326761076727 ], [ -64.8405469819796, -22.139168151198927 ], [ -64.840684691927194, -22.139024399230163 ], [ -64.840791528653568, -22.138852124905394 ], [ -64.840975035336172, -22.138636586663321 ], [ -64.84106617838647, -22.138392765130824 ], [ -64.841188001601438, -22.138134501606636 ], [ -64.84141800915944, -22.138004712360747 ], [ -64.841432739426224, -22.137861438963732 ], [ -64.841278181281353, -22.137675858417222 ], [ -64.841108316350869, -22.137504659754889 ], [ -64.841092174000494, -22.137332862174453 ], [ -64.841137263822105, -22.137103540763345 ], [ -64.841259920550229, -22.137031455488497 ], [ -64.841444066939175, -22.13695913088603 ], [ -64.841551094419444, -22.136829818789213 ], [ -64.841765726984022, -22.136700088683689 ], [ -64.841903756344863, -22.136627943149186 ], [ -64.842149711053935, -22.136626985472464 ], [ -64.842288318610443, -22.136683732221329 ], [ -64.842534916242656, -22.136825988002123 ], [ -64.842735140459453, -22.136911138548633 ], [ -64.842873748402852, -22.136967884892449 ], [ -64.843058214765236, -22.136967165834161 ], [ -64.843257475223325, -22.136837493302757 ], [ -64.843395374441712, -22.136736704059636 ], [ -64.843563631668985, -22.136549866422982 ], [ -64.84371703141646, -22.136477659750192 ], [ -64.843824251175093, -22.13639131060717 ], [ -64.843931341087469, -22.136276319500283 ], [ -64.844007751005037, -22.136175769714015 ], [ -64.844083967631192, -22.136032255659085 ], [ -64.844129439920479, -22.135888860647892 ], [ -64.844205914954856, -22.135802632130066 ], [ -64.844282582205352, -22.135759367823002 ], [ -64.84443598103023, -22.135687160534406 ], [ -64.844558506687463, -22.135586430360256 ], [ -64.844619672796881, -22.135514582205705 ], [ -64.844739765657209, -22.135308178694 ], [ -64.844800943036375, -22.13514936825074 ], [ -64.844799840076419, -22.134904307979941 ], [ -64.844690622748374, -22.134702916487633 ], [ -64.844705057498686, -22.134472209945127 ], [ -64.844812587804938, -22.134298802654875 ], [ -64.844935980892075, -22.13421182737827 ], [ -64.845137126636089, -22.134211041361517 ], [ -64.84536921772812, -22.1342101341872 ], [ -64.845585642292221, -22.134166041424837 ], [ -64.845724896332044, -22.134165496863545 ], [ -64.845910634316937, -22.134179185918008 ], [ -64.846080184896323, -22.134034366357312 ], [ -64.846312015779233, -22.133975796133068 ], [ -64.846574792790477, -22.133917105409196 ], [ -64.846776198336244, -22.133973979008822 ], [ -64.847054511934061, -22.133929642403903 ], [ -64.847224712064687, -22.13392897565663 ], [ -64.847425662253016, -22.13388494165223 ], [ -64.847564461401717, -22.133783487983646 ], [ -64.847733945247185, -22.133624252628863 ], [ -64.847888607352274, -22.133609229817804 ], [ -64.848027535336769, -22.13353660729863 ], [ -64.848286914142918, -22.1334907338744 ], [ -64.848553085920074, -22.133419220362114 ], [ -64.848800128102312, -22.133302926382708 ], [ -64.848907653955536, -22.133129516680487 ], [ -64.849045930103685, -22.132912739433568 ], [ -64.849060489775482, -22.132710862470898 ], [ -64.849059642092641, -22.132523462407828 ], [ -64.849058794411491, -22.132336062279659 ], [ -64.849057816320595, -22.132119831420447 ], [ -64.849041496157227, -22.131932491902095 ], [ -64.849133613742225, -22.131773557738796 ], [ -64.849364985244264, -22.131614076573985 ], [ -64.849534856087971, -22.131541331270746 ], [ -64.84976707534598, -22.131569250064668 ], [ -64.84993759969214, -22.131640657913824 ], [ -64.850200893682924, -22.131697286203043 ], [ -64.850463926574278, -22.131696251889675 ], [ -64.850648943851823, -22.131551367228891 ], [ -64.850756271954324, -22.131334709981143 ], [ -64.850941157949876, -22.131160994257236 ], [ -64.851126174331469, -22.131016109044509 ], [ -64.851372753102893, -22.130798903143436 ], [ -64.851588517355253, -22.130610649486066 ], [ -64.851711250780596, -22.130379514173526 ], [ -64.851803823258692, -22.130321486991221 ], [ -64.851942682832657, -22.130234445225831 ], [ -64.852081607719171, -22.130161819644346 ], [ -64.852313562860729, -22.130132074239793 ], [ -64.85246782892051, -22.130030555734479 ], [ -64.852653039456783, -22.129928915988405 ], [ -64.852760822743207, -22.129813164861133 ], [ -64.852930887147991, -22.129783662833084 ], [ -64.853147501388918, -22.129782808326688 ], [ -64.85344167282031, -22.129824894480549 ], [ -64.85364287938458, -22.129838515938822 ], [ -64.853766199881548, -22.129737119509635 ], [ -64.853890043884476, -22.129751046168366 ], [ -64.854090989004746, -22.129707005625519 ], [ -64.854198835908377, -22.129605669136939 ], [ -64.85430648684023, -22.129461086365232 ], [ -64.854383323328292, -22.129345456583309 ], [ -64.854444818701211, -22.129258719605257 ], [ -64.854490711481105, -22.129143212008337 ], [ -64.854536275109339, -22.128955627304769 ], [ -64.854535684481704, -22.128825888543567 ], [ -64.854534962600496, -22.128667318002066 ], [ -64.854596523306981, -22.128594995395819 ], [ -64.854720433225651, -22.128623337029854 ], [ -64.854751705861162, -22.128695292737824 ], [ -64.854875550218225, -22.128709218855171 ], [ -64.85501447186877, -22.128636590285975 ], [ -64.855060429815509, -22.128535498764705 ], [ -64.855168538221662, -22.128491824191496 ], [ -64.855416226747465, -22.128519675888004 ], [ -64.85555587079071, -22.128605617548725 ], [ -64.855741801148383, -22.128662545475052 ], [ -64.855865974194003, -22.128748548137526 ], [ -64.856067442755986, -22.128819829949773 ], [ -64.856237506705284, -22.128790324360939 ], [ -64.856360825112063, -22.128688926255332 ], [ -64.856453197997553, -22.128587649724238 ], [ -64.856545505008029, -22.128471958608618 ], [ -64.856591527868844, -22.128385281259948 ], [ -64.856730119647736, -22.128240574376647 ], [ -64.856806955115673, -22.128124944370548 ], [ -64.856914602221153, -22.127980359907866 ], [ -64.857006712168769, -22.127821421223867 ], [ -64.857094978023866, -22.127574519354745 ], [ -64.857251569125552, -22.127551873140586 ], [ -64.857430120189207, -22.127526050720189 ], [ -64.85749932128401, -22.127271668497272 ], [ -64.85771560228838, -22.127198731206619 ], [ -64.857947025782522, -22.127053655880729 ], [ -64.85816317455533, -22.126951887176471 ], [ -64.85827082091177, -22.126807301720845 ], [ -64.858440091598965, -22.126604808584254 ], [ -64.858563010805483, -22.126416915024667 ], [ -64.858717006650295, -22.126257729418278 ], [ -64.858902012197262, -22.126112836237397 ], [ -64.859087479279282, -22.12606885221372 ], [ -64.859288352280871, -22.126010391051626 ], [ -64.859458083167254, -22.125908805301165 ], [ -64.859643153814645, -22.125778326892277 ], [ -64.859781544203642, -22.125590370839639 ], [ -64.860013426431323, -22.125546201418697 ], [ -64.860105333437147, -22.12534401417167 ], [ -64.860212581016015, -22.125112934224003 ], [ -64.860444066082309, -22.124982270284175 ], [ -64.860613861504277, -22.124895098956156 ], [ -64.860879245987434, -22.12486270385839 ], [ -64.861279489548608, -22.124990007661658 ], [ -64.861571739739503, -22.125031809281484 ], [ -64.861832328046106, -22.124873229282908 ], [ -64.862077346436465, -22.124671744196828 ], [ -64.862199001247674, -22.124384819749032 ], [ -64.862198014525944, -22.124169993129172 ], [ -64.862027944466078, -22.12395584145397 ], [ -64.861735827340283, -22.123942683815276 ], [ -64.861412638431077, -22.123858038729576 ], [ -64.861181479370316, -22.123730061575923 ], [ -64.861118943764524, -22.123501158720529 ], [ -64.861194353707106, -22.123185773467053 ], [ -64.861423343286376, -22.122841132197692 ], [ -64.861621720518059, -22.122525256493702 ], [ -64.861790145081414, -22.122381365051929 ], [ -64.861974531273233, -22.122366308072969 ], [ -64.862236299639292, -22.122465518593614 ], [ -64.862283991542029, -22.122809057802623 ], [ -64.862361767805552, -22.123009256719552 ], [ -64.862547339100232, -22.123251990680576 ], [ -64.862885174382171, -22.123179032770029 ], [ -64.863268661530242, -22.123005638001899 ], [ -64.863652543315283, -22.122918172103219 ], [ -64.864143824185959, -22.122787311179543 ], [ -64.864358754806304, -22.122729164056445 ], [ -64.864629505225324, -22.122643074205158 ], [ -64.864899788345269, -22.122599990730755 ], [ -64.865110352261681, -22.122641150938982 ], [ -64.865366512545975, -22.122794137025743 ], [ -64.865682779587047, -22.122946882138539 ], [ -64.865923332172684, -22.122973920631015 ], [ -64.866178524528365, -22.122916895177497 ], [ -64.866418947906396, -22.122915931958179 ], [ -64.866689618851467, -22.122956849755951 ], [ -64.866960742548159, -22.123095773060047 ], [ -64.867322090489481, -22.123248334042987 ], [ -64.867698077101238, -22.123316830665281 ], [ -64.867893357138612, -22.123302046125676 ], [ -64.867892580365918, -22.12313403744551 ], [ -64.867846530383432, -22.122924207902486 ], [ -64.867680073832531, -22.122672858021346 ], [ -64.867573853308471, -22.122449267928936 ], [ -64.867407656323181, -22.12225392091457 ], [ -64.867421841567946, -22.122071851025996 ], [ -64.867646978734683, -22.122014943401663 ], [ -64.867857478842254, -22.12204210127425 ], [ -64.868128796324839, -22.122223025146749 ], [ -64.868310020332814, -22.122418311277965 ], [ -64.868551349978333, -22.122613355765942 ], [ -64.868837047274369, -22.122654211442903 ], [ -64.869032796161747, -22.122549493389918 ], [ -64.869124901500498, -22.122147450476604 ], [ -64.869239390509577, -22.121924541718446 ], [ -64.86941892942933, -22.121755807670301 ], [ -64.86967360015764, -22.121586771252638 ], [ -64.87015353585052, -22.121388826321631 ], [ -64.870678420226284, -22.121162697487829 ], [ -64.871098118136402, -22.120936990157837 ], [ -64.871427463086306, -22.120669643370029 ], [ -64.87172655880974, -22.120360415175025 ], [ -64.871860299383428, -22.12003785136713 ], [ -64.871948506025831, -22.119617463521902 ], [ -64.872127129667746, -22.11925271529449 ], [ -64.872276286090269, -22.119014094950199 ], [ -64.872590664095355, -22.11876080674751 ], [ -64.87290517242964, -22.118535520253616 ], [ -64.873204457693021, -22.118268290894811 ], [ -64.87363878206385, -22.117958511599298 ], [ -64.874012804814683, -22.117606972068305 ], [ -64.874372321008551, -22.117367499122317 ], [ -64.874867398306407, -22.117197483774511 ], [ -64.875333270692622, -22.117209599278375 ], [ -64.875784312239972, -22.117263776819023 ], [ -64.8762509690782, -22.117443900815488 ], [ -64.87665732701312, -22.117582265290846 ], [ -64.876973331864804, -22.117678991611001 ], [ -64.877258827198787, -22.117677833491719 ], [ -64.877544060732077, -22.11762067123631 ], [ -64.877874241842136, -22.11753532505093 ], [ -64.878144383577606, -22.117464222274968 ], [ -64.878474694202183, -22.117406875691163 ], [ -64.878700281172144, -22.117447962914817 ], [ -64.878911564363591, -22.117643119752227 ], [ -64.87896378605943, -22.11789920411567 ], [ -64.878898701596199, -22.11810520870441 ], [ -64.878959592055679, -22.118272974591047 ], [ -64.879005654287056, -22.118482803567638 ], [ -64.878962279808121, -22.118847009205993 ], [ -64.878963590911084, -22.119127025496187 ], [ -64.879040229942817, -22.119448738221237 ], [ -64.879146659131564, -22.119714325903665 ], [ -64.879328220098003, -22.119979608782163 ], [ -64.879554794336002, -22.12023070556517 ], [ -64.879781238920472, -22.120453801611234 ], [ -64.879917590794363, -22.120691264873969 ], [ -64.880098628663291, -22.12084453888497 ], [ -64.880429799258806, -22.12096920056392 ], [ -64.880655785026406, -22.121094289228623 ], [ -64.880686362884404, -22.121206173614986 ], [ -64.880627111930863, -22.121388428259351 ], [ -64.880537413397249, -22.121486800633114 ], [ -64.880342333219247, -22.121543598480578 ], [ -64.88013235798249, -22.121628459432586 ], [ -64.87995269755595, -22.121769201202685 ], [ -64.87978819434943, -22.121937882855008 ], [ -64.879714308726747, -22.122204202626879 ], [ -64.879790819066429, -22.122497912079968 ], [ -64.880031701289838, -22.122594938734075 ], [ -64.880346995032994, -22.122537651886823 ], [ -64.880812486859142, -22.122465751037851 ], [ -64.881187951047224, -22.12242221869473 ], [ -64.881571986131533, -22.122517638960588 ], [ -64.881595768988745, -22.122868588130491 ], [ -64.881597281305432, -22.123190604032793 ], [ -64.881659294678613, -22.123596379840574 ], [ -64.881841126034203, -22.123917660910333 ], [ -64.882112129776118, -22.124028562976573 ], [ -64.88248792588449, -22.124055031241689 ], [ -64.882878947044432, -22.124123440034985 ], [ -64.883195295477464, -22.124290159702333 ], [ -64.883331654456796, -22.124527619127292 ], [ -64.883287563259515, -22.124737813054875 ], [ -64.88316873373482, -22.12503231780962 ], [ -64.883005152585724, -22.125397010800125 ], [ -64.883051878745434, -22.125746843005899 ], [ -64.883292701911955, -22.125829864939512 ], [ -64.88360799912094, -22.125772572781969 ], [ -64.883968706436278, -22.125785099289384 ], [ -64.884240110806758, -22.125980002189678 ], [ -64.884286840381463, -22.126329833747153 ], [ -64.884153115710134, -22.126652401490009 ], [ -64.884065790295935, -22.127254796703255 ], [ -64.884443374246331, -22.127659278287101 ], [ -64.884895104508033, -22.127853442073395 ], [ -64.885376889193608, -22.128047481796489 ], [ -64.885655934212394, -22.128425422762753 ], [ -64.885609994070165, -22.128687086321829 ], [ -64.885666097568389, -22.128841631022603 ], [ -64.885860876522344, -22.129047200578725 ], [ -64.886277269394171, -22.129277656370039 ], [ -64.886692932184062, -22.129353339967452 ], [ -64.887080299538368, -22.129300159188048 ], [ -64.887356433063687, -22.12914425188438 ], [ -64.887576582935978, -22.128859594224966 ], [ -64.88771294086645, -22.128420504724218 ], [ -64.887878327303483, -22.128265050203726 ], [ -64.888264837615537, -22.128031300403197 ], [ -64.888707329607186, -22.127926298845519 ], [ -64.889066274371146, -22.127718455493515 ], [ -64.889508765176927, -22.127613452235078 ], [ -64.889701713107613, -22.127432087039882 ], [ -64.889894416088381, -22.12719913127404 ], [ -64.890060533518394, -22.127198447579907 ], [ -64.890310320425314, -22.127326398539616 ], [ -64.890614501437597, -22.127247758021625 ], [ -64.890779027564463, -22.126911733789726 ], [ -64.890832319165071, -22.126472982874184 ], [ -64.890885609548334, -22.12603423159316 ], [ -64.890966586333533, -22.125595366768064 ], [ -64.891214044795419, -22.125233202772591 ], [ -64.891490658930479, -22.125180470088448 ], [ -64.891712881032603, -22.125334330206861 ], [ -64.892156223900784, -22.125409889679016 ], [ -64.892514914739536, -22.125150449103842 ], [ -64.892734193356546, -22.124685215295294 ], [ -64.892787724159561, -22.124298053612495 ], [ -64.893034687490257, -22.123832704451601 ], [ -64.89355924175797, -22.123520983692778 ], [ -64.894112463513224, -22.123415512533462 ], [ -64.894666544278977, -22.123490609187101 ], [ -64.895332230172443, -22.123745815052096 ], [ -64.895970354588783, -22.124026928787309 ], [ -64.896551631516218, -22.123998723634539 ], [ -64.897103990050283, -22.123712675811962 ], [ -64.89751828819216, -22.123504587080625 ], [ -64.89793159828848, -22.123090133719963 ], [ -64.898261602986196, -22.122624432632538 ], [ -64.898564044356107, -22.122184641095231 ], [ -64.898838428661236, -22.121667577581146 ], [ -64.899252596796273, -22.121433689300346 ], [ -64.899694820794792, -22.121277073080911 ], [ -64.900192290377319, -22.121094429048021 ], [ -64.900606703078012, -22.120912129758771 ], [ -64.900798519341606, -22.120498590403713 ], [ -64.901101941946948, -22.120265160291474 ], [ -64.901323175258696, -22.120212645288678 ], [ -64.901710643517035, -22.120185233802463 ], [ -64.902124928771698, -22.119977135789643 ], [ -64.902539089082353, -22.119743240482897 ], [ -64.902759702083756, -22.11956174543251 ], [ -64.90303692410545, -22.119637976866137 ], [ -64.903369890306038, -22.119791364059978 ], [ -64.903868718630108, -22.119892464469316 ], [ -64.904505848388297, -22.119967189196256 ], [ -64.905031616454224, -22.119913396240587 ], [ -64.905446271661873, -22.119782679209184 ], [ -64.906109841366401, -22.119599325410629 ], [ -64.906551557024542, -22.119339510699305 ], [ -64.906992193541697, -22.119297479693806 ], [ -64.907277350846826, -22.119472888873876 ], [ -64.907752685373538, -22.1197799538125 ], [ -64.908274337037952, -22.11986606589149 ], [ -64.908795561699463, -22.119863875825594 ], [ -64.909316573451704, -22.119817533606671 ], [ -64.909838439926034, -22.119947792791756 ], [ -64.910598085042338, -22.120253653821074 ], [ -64.911356017889446, -22.120206309750479 ], [ -64.911640323011497, -22.120205111272579 ], [ -64.912067210192802, -22.120291613663589 ], [ -64.912305632712261, -22.120599666453021 ], [ -64.912590367691919, -22.120686767472691 ], [ -64.912922058324469, -22.120685367317868 ], [ -64.913159194141969, -22.120728517717193 ], [ -64.913444574216285, -22.120948068197752 ], [ -64.91387124801679, -22.120990417021908 ], [ -64.914106665472943, -22.120680362620689 ], [ -64.914485309742517, -22.120590459003481 ], [ -64.914675277114128, -22.120677958059851 ], [ -64.914818935647602, -22.120986409623921 ], [ -64.91505736453334, -22.121294458979346 ], [ -64.915484254798216, -22.121380954454153 ], [ -64.915814869671706, -22.121158798721677 ], [ -64.916098529826471, -22.121025142934666 ], [ -64.916525204400742, -22.121067486515894 ], [ -64.916667789268942, -22.1211551845849 ], [ -64.916953174095354, -22.121374730261575 ], [ -64.917285512162167, -22.121505774780022 ], [ -64.917616339970223, -22.121327766211248 ], [ -64.918041505122346, -22.121061054075557 ], [ -64.91851491702073, -22.120970741084665 ], [ -64.918846823246085, -22.121013481733463 ], [ -64.919133075103872, -22.121409626736707 ], [ -64.91951323227579, -22.121628766072686 ], [ -64.91989101046056, -22.12136225194806 ], [ -64.920317038266063, -22.121272136639838 ], [ -64.920981720160711, -22.12153421393722 ], [ -64.921359929464785, -22.121355997818856 ], [ -64.921785305193026, -22.121133429116696 ], [ -64.922211547496673, -22.121087459919654 ], [ -64.922733427416318, -22.121217687672537 ], [ -64.923301171958954, -22.121038659139035 ], [ -64.923586347147349, -22.121214046245928 ], [ -64.923964987953013, -22.121124126117429 ], [ -64.924104749913411, -22.120637864429277 ], [ -64.924530121728239, -22.120415290027733 ], [ -64.924812469505312, -22.120016720219851 ], [ -64.925332606241852, -22.119793738639114 ], [ -64.925805358211022, -22.119570957698055 ], [ -64.926087266401737, -22.119084085539559 ], [ -64.926274841300042, -22.11868591961057 ], [ -64.926605219758784, -22.118419595287545 ], [ -64.926936252261513, -22.118285721541561 ], [ -64.927220990519075, -22.11837280366758 ], [ -64.927458781084283, -22.118548389720942 ], [ -64.928027386095437, -22.118545950038893 ], [ -64.928642283292987, -22.118322553127101 ], [ -64.92916219225539, -22.118055410619043 ], [ -64.929587552217569, -22.117832824303772 ], [ -64.929965308460297, -22.11756629070825 ], [ -64.930154842463182, -22.117565475448412 ], [ -64.930534785867295, -22.117740446825191 ], [ -64.931055566417058, -22.117649901901473 ], [ -64.931623292232374, -22.117470850336261 ], [ -64.932145825344975, -22.117733507584472 ], [ -64.932478826461178, -22.11799698090066 ], [ -64.932904839617748, -22.117906840234866 ], [ -64.933377577852895, -22.117684042863484 ], [ -64.933706847454431, -22.117196953621733 ], [ -64.933799637699849, -22.116799188984654 ], [ -64.934035675037137, -22.116621562995221 ], [ -64.934367138571858, -22.11657597880118 ], [ -64.934888133918307, -22.116529575591166 ], [ -64.935313483633792, -22.116306977384209 ], [ -64.935643625034345, -22.115996487804541 ], [ -64.93578423325819, -22.115686817003866 ], [ -64.935782252515935, -22.115289460525918 ], [ -64.936111951996537, -22.114890667111112 ], [ -64.936204736006104, -22.114492899747255 ], [ -64.936297519622386, -22.114095132051322 ], [ -64.936816745009466, -22.113695515870134 ], [ -64.937052335800175, -22.113429583698839 ], [ -64.937239661367471, -22.112987252677147 ], [ -64.937285059325902, -22.112589688838561 ], [ -64.937282414143098, -22.11205987652297 ], [ -64.937279989403052, -22.111574214327351 ], [ -64.937373430651306, -22.111308896918487 ], [ -64.937609238167639, -22.111087114548578 ], [ -64.937940028342751, -22.110909071458849 ], [ -64.937891323576054, -22.110644370084813 ], [ -64.937794354585279, -22.110203269324561 ], [ -64.938266405636014, -22.109848003976936 ], [ -64.938974023580201, -22.109916607115828 ], [ -64.939829332960898, -22.109708759746656 ], [ -64.940588100674631, -22.109837916319002 ], [ -64.941156679131922, -22.109835442071347 ], [ -64.941439418513127, -22.109525146174583 ], [ -64.941816698223391, -22.109170285234075 ], [ -64.942053604582426, -22.109169253133867 ], [ -64.942480923979389, -22.109343999777845 ], [ -64.943001231928875, -22.109165122128825 ], [ -64.943665014904326, -22.10925053050185 ], [ -64.944093002073544, -22.109557727234467 ], [ -64.944521433941958, -22.109953226283697 ], [ -64.945232601495732, -22.110038422729986 ], [ -64.945847227907009, -22.109770821705556 ], [ -64.946556391881742, -22.109458652260908 ], [ -64.946981489034215, -22.109191877375441 ], [ -64.947168786978494, -22.108749534291839 ], [ -64.947166782213202, -22.108352172829644 ], [ -64.947165445706204, -22.108087264725533 ], [ -64.947543603061007, -22.107908998383184 ], [ -64.947779393319365, -22.107687202632352 ], [ -64.948301030700094, -22.10777322006161 ], [ -64.948680301878909, -22.107815709036014 ], [ -64.94896369529998, -22.107637855898211 ], [ -64.94967239935643, -22.107237372154287 ], [ -64.95057263542877, -22.107233416063597 ], [ -64.950856473413467, -22.107143863130585 ], [ -64.951283796393554, -22.107318593029436 ], [ -64.95166172448458, -22.107096168246549 ], [ -64.9522302944915, -22.107093664865712 ], [ -64.952799312632465, -22.107179462856024 ], [ -64.953367882876478, -22.107176956484015 ], [ -64.953698202644404, -22.106910585106753 ], [ -64.953554714291315, -22.106646303290894 ], [ -64.953173876207543, -22.106294762801756 ], [ -64.953186559253481, -22.105404365658046 ], [ -64.953642523287598, -22.105277188421148 ], [ -64.953973288987953, -22.105099118889449 ], [ -64.954115429487345, -22.105098491664549 ], [ -64.954399487000543, -22.105053084879721 ], [ -64.954682421803795, -22.104786920101702 ], [ -64.954917976107936, -22.104520964093194 ], [ -64.955295894261653, -22.104298531810304 ], [ -64.955721191099101, -22.104075888437155 ], [ -64.956003448085596, -22.103677266783041 ], [ -64.956143115041741, -22.103190968724583 ], [ -64.956614888773558, -22.102791507392851 ], [ -64.957088010958557, -22.102656954659906 ], [ -64.957704847563619, -22.102830834260327 ], [ -64.958083885571199, -22.102829154898206 ], [ -64.958557457649846, -22.102782903432352 ], [ -64.958745623795267, -22.10251715233375 ], [ -64.959313728637966, -22.102426326690548 ], [ -64.959787750817782, -22.102468375213203 ], [ -64.960215296315241, -22.102687241210749 ], [ -64.960501155748986, -22.102995040422798 ], [ -64.960646006581783, -22.10352422978649 ], [ -64.960981733459278, -22.104317486229199 ], [ -64.961456439111558, -22.104491986333652 ], [ -64.961976716500473, -22.104313061415752 ], [ -64.96268538025069, -22.103912533464079 ], [ -64.962825934818824, -22.103602838174762 ], [ -64.963061929068331, -22.103425176169797 ], [ -64.963581974399219, -22.103202095751605 ], [ -64.963912500330522, -22.102979858123575 ], [ -64.964338917880283, -22.10297795655363 ], [ -64.964765790157259, -22.103064357649828 ], [ -64.965098356135812, -22.103239484394301 ], [ -64.965478076059355, -22.103370247718079 ], [ -64.965951874841736, -22.103368131378964 ], [ -64.966471690261329, -22.103100891784958 ], [ -64.966803121076964, -22.103055256733729 ], [ -64.967182386910466, -22.103097713621249 ], [ -64.967420650515308, -22.103361564131262 ], [ -64.967895814976089, -22.10362435381932 ], [ -64.968275993042283, -22.103843414612175 ], [ -64.968656399798007, -22.104106626764128 ], [ -64.969317669043349, -22.103706289192161 ], [ -64.96959944055881, -22.103219345152997 ], [ -64.969595792239048, -22.102512916942104 ], [ -64.969782574112614, -22.101982245159864 ], [ -64.97011240614448, -22.101627543332025 ], [ -64.970442920605379, -22.1014052950799 ], [ -64.970441551305314, -22.101140383728289 ], [ -64.970391890432154, -22.100699077184341 ], [ -64.970580037737491, -22.100433314765841 ], [ -64.970957244094805, -22.100078397030195 ], [ -64.971382969676071, -22.099944026025735 ], [ -64.971715079270481, -22.100030839622395 ], [ -64.972236477701756, -22.100072648079049 ], [ -64.972758104159396, -22.100158607712501 ], [ -64.973183829601879, -22.100024233177372 ], [ -64.973372201180467, -22.099802619557845 ], [ -64.97365533014559, -22.099580579855733 ], [ -64.974081739875672, -22.099578659057947 ], [ -64.97445962537077, -22.099356190349912 ], [ -64.974836363735548, -22.09891296098986 ], [ -64.975593276492134, -22.098688781520085 ], [ -64.976162279832806, -22.098774519351373 ], [ -64.976447929828055, -22.099038148082045 ], [ -64.976779351046545, -22.098992497395887 ], [ -64.97725313865331, -22.098990356273244 ], [ -64.977632168730906, -22.098988642627543 ], [ -64.978152185427803, -22.098765525334866 ], [ -64.978578363131447, -22.098719443124569 ], [ -64.979098377958309, -22.098496323445382 ], [ -64.979713147729058, -22.098272772139506 ], [ -64.979997649647032, -22.098315636306417 ], [ -64.98051789224867, -22.098136664734511 ], [ -64.981085741614663, -22.098001628556478 ], [ -64.981416699261757, -22.097867667264012 ], [ -64.981557680063489, -22.09764626160873 ], [ -64.981792263812849, -22.097203664007591 ], [ -64.981980391477961, -22.096937889957164 ], [ -64.982405871021598, -22.09675934377362 ], [ -64.982783509867957, -22.096492707546304 ], [ -64.983112151737615, -22.09591721941975 ], [ -64.983488862775758, -22.095473972175469 ], [ -64.98400747341411, -22.0949859250881 ], [ -64.984430864087187, -22.094410002047471 ], [ -64.985046540703038, -22.09436304458022 ], [ -64.98528412322834, -22.09449442193004 ], [ -64.985900264562559, -22.094535766889472 ], [ -64.986419562234175, -22.094180170094706 ], [ -64.987177138506524, -22.094088405058049 ], [ -64.987412633356314, -22.093822408407938 ], [ -64.987599588470346, -22.093335865713506 ], [ -64.987596337097528, -22.092717730096116 ], [ -64.987735913104274, -22.092231401823152 ], [ -64.988112141111202, -22.091699838219832 ], [ -64.98834693439774, -22.091301381799056 ], [ -64.988438666335341, -22.090726962943229 ], [ -64.988389197374275, -22.090329805294491 ], [ -64.988481393597127, -22.089843691004756 ], [ -64.988525748605781, -22.089269488095489 ], [ -64.988666482078997, -22.089003920982204 ], [ -64.989091007906524, -22.088648747465399 ], [ -64.98951646190477, -22.088470184564514 ], [ -64.989846697473965, -22.088203748785666 ], [ -64.990460722994158, -22.087847704259637 ], [ -64.990792121057467, -22.08780203205411 ], [ -64.991454684520122, -22.087666531776321 ], [ -64.991737540590734, -22.087400309988997 ], [ -64.992635347430465, -22.086954648456761 ], [ -64.994308610528094, -22.084047427773967 ], [ -65.052511111159802, -22.083347222510401 ] ] ] ] } }
]
}
